gameName,gameLevel,인원,gameTime,gameRule,gameCategory,parentCategory,gameLevel_Encoding,gamePlayerMin,gamePlayerMax,monthlyGame
세븐원더스 : 듀얼,Extreme,2인,60,False,세트컬렉션,전략-전쟁-경영,5,2,2,False
도블,Easy,2-5인,10,True,순발력,순발력-손기술,1,2,5,False
데어이쎄스,Easy,2인,5,True,심리추리,추리-마피아-심리,1,2,2,False
데드오브윈터,ProGamer,2-5인,100,False,미션협력,협력-팀플레이,6,2,5,False
더게임,Normal,2-5인,20,True,숫자협력,단어-퀴즈-숫자-지식,2,2,5,False
달무티,Hard,5-8인,20,True,선잡기,순발력-손기술,3,5,8,False
닥터유레카,Easy,2-4인,15,False,순발력,순발력-손기술,1,2,4,False
다빈치코드,Easy,2-4인,20,True,숫자추리,단어-퀴즈-숫자-지식,1,2,4,True
노땡스,Normal,3-7인,20,True,카드경매,카드-덱빌딩,2,3,7,False
고스트,Easy,2인,10,True,심리전략,추리-마피아-심리,1,2,2,False
개조심,Very Easy,2-5인,5,True,손기술,순발력-손기술,0,2,5,False
딕싯 : 예지,Normal,4-6인,20,True,그림연상,그림,2,4,6,False
딕싯 : 메모리즈,Normal,4-6인,20,True,그림연상,그림,2,4,6,False
드렉사우,Easy,2-4인,10,False,카드전략,카드-덱빌딩,1,2,4,False
렉시오,Very Hard,3-5인,30,True,조합전략,전략-전쟁-경영,4,3,5,False
레지스탕스:쿠,Hard,3-6인,15,True,블러핑,경제-거래-경매-베팅,3,3,6,False
레지스탕스 아발론,Very Hard,6-10인,40,True,마피아,추리-마피아-심리,4,6,10,False
시퀀스,Easy,4-12인,10,True,카드빙고,카드-덱빌딩,1,4,12,False
러시아워쉬프트,Easy,2인,15,False,퍼즐해독,협력-팀플레이,1,2,2,False
러시아워,Normal,1-2인,45,False,퍼즐해독,협력-팀플레이,2,1,2,False
러브레터,Normal,3-4인,20,True,카드추론,카드-덱빌딩,2,3,4,False
라온,Easy,2-4인,10,True,타일조합,퍼즐-로직-코딩,1,2,4,False
라스베가스,Normal,3-7인,35,True,전략베팅,전략-전쟁-경영,2,3,7,False
라비린스,Normal,2-4인,20,False,미로전략,전략-전쟁-경영,2,2,4,False
라보카,Normal,4인,40,False,협동퍼즐,협력-팀플레이,2,4,4,False
딕싯 : 퀘스트,Normal,4-6인,20,True,그림연상,그림,2,4,6,False
루핑루이,Very Easy,2-4인,10,True,타이밍,파티-가족-미니게임,0,2,4,False
루미큐브,Normal,2-6인,30,True,타일조합,퍼즐-로직-코딩,2,2,6,True
시타델,Very Hard,4-7인,60,True,심리전략,추리-마피아-심리,4,4,7,False
로보77,Easy,2-6인,30,True,숫자연산,단어-퀴즈-숫자-지식,1,2,6,False
모던아트,Hard,4-5인,45,True,경매,경제-거래-경매-베팅,3,4,5,False
모노폴리,Normal,2-8인,180,False,투자경영,경제-거래-경매-베팅,2,2,8,False
나방속이기 (장난꾸러기 나방),Normal,4-5인,20,False,눈치전략,순발력-손기술,2,4,5,False
맨해튼,Hard,4인,45,False,영향력,파티-가족-미니게임,3,4,4,False
마헤,Normal,4-7인,30,True,경주베팅,경주-스포츠,2,4,7,False
서바이브,Hard,2-4인,60,False,타일전략,퍼즐-로직-코딩,3,2,4,False
마법의미로,Easy,2-4인,20,True,길기억,기억력-암기,1,2,4,False
마라케시,Normal,2-4인,30,False,이동전략,전략-전쟁-경영,2,2,4,False
마닐라,Very Hard,3-5인,60,False,전략베팅,전략-전쟁-경영,4,3,5,False
뤄양의사람들,ProGamer,2-4인,120,False,전략,전략-전쟁-경영,6,2,4,False
미스터잭,Very Hard,2인,40,True,범죄추리,추리-마피아-심리,4,2,2,False
미니빌:항구,Hard,2-4인,30,False,덱빌딩,카드-덱빌딩,3,2,4,False
미니빌:그린밸리,Hard,2-4인,30,False,덱빌딩,카드-덱빌딩,3,2,4,False
미니빌,Hard,2-4인,30,True,덱빌딩,카드-덱빌딩,3,2,4,False
몰타의관문,Very Hard,2-5인,45,False,세트컬렉션,전략-전쟁-경영,4,2,5,False
보난자,Very Hard,4-7인,50,True,카드협상,카드-덱빌딩,4,4,7,False
웰컴백 투더 던전,Normal,3-4인,20,False,카드심리,카드-덱빌딩,2,3,4,False
뱅:닷지시티,Very Hard,3-8인,40,False,마피아,추리-마피아-심리,4,3,8,False
뱅:다이스,Hard,5-6인,15,False,마피아,추리-마피아-심리,3,5,6,False
텔레스트레이션,Easy,4-8인,30,True,그림연상,그림,1,4,8,False
뱅,Hard,4-8인,35,True,마피아,추리-마피아-심리,3,4,8,False
배틀쉽,Normal,2-4인,15,True,영역차지,전략-전쟁-경영,2,2,4,False
바퀴벌레포커,Normal,3-6인,15,True,블러핑,경제-거래-경매-베팅,2,3,6,False
바퀴벌레 샐러드,Normal,3-6인,15,True,순발력,순발력-손기술,2,3,6,False
바운스오프,Very Easy,2-4인,10,True,손기술,순발력-손기술,0,2,4,False
미스터잭 포켓,Hard,2인,30,True,추리전략,추리-마피아-심리,3,2,2,False
블리츠,Very Easy,3-6인,20,True,단어연상,단어-퀴즈-숫자-지식,0,3,6,False
블로커스,Easy,2-4인,15,True,도형전략,전략-전쟁-경영,1,2,4,False
블러프,Normal,3-6인,30,False,심리예측,추리-마피아-심리,2,3,6,False
부루마불,Normal,2-4인,60,True,투자경영,경제-거래-경매-베팅,2,2,4,False
스택시스,Very Easy,2-7인,10,True,손기술,순발력-손기술,0,2,7,False
스머프 사다리게임,Very Easy,2-4인,20,False,주사위,주사위,0,2,4,False
슈퍼라이노,Very Easy,2-5인,10,True,젠가류,순발력-손기술,0,2,5,False
숲속의음악대,Very Easy,4-7인,15,True,순발력,순발력-손기술,0,4,7,False
쇼텐토텐,Normal,2인,20,True,카드,카드-덱빌딩,2,2,2,False
셜록13,Normal,2-4인,15,True,카드추리,카드-덱빌딩,2,2,4,False
세트,Normal,2-4인,30,True,패턴지각,퍼즐-로직-코딩,2,2,4,False
핸즈업,Easy,3-8인,20,False,순발력,순발력-손기술,1,3,8,False
선물입니다,Easy,2-6인,15,True,블러핑,경제-거래-경매-베팅,1,2,6,True
석기시대,Extreme,2-4인,60,False,일꾼놓기,전략-전쟁-경영,5,2,4,False
사보타지,Hard,5-8인,30,True,마피아,추리-마피아-심리,3,5,8,False
사무라이,Hard,2-4인,40,True,영향력,파티-가족-미니게임,3,2,4,False
스파이폴,Normal,4-8인,30,True,마피아,추리-마피아-심리,2,4,8,False
스티키스틱스,Very Easy,2-4인,10,False,순발력,순발력-손기술,0,2,4,False
스트림스,Easy,2-99인,10,False,숫자나열,단어-퀴즈-숫자-지식,1,2,99,False
스트라테고,Normal,2인,45,False,추상전략,추리-마피아-심리,2,2,2,False
스트라이크,Very Easy,2-5인,15,True,주사위,주사위,0,2,5,False
에니그마,Normal,2-4인,30,False,테마퍼즐,퍼즐-로직-코딩,2,2,4,False
어콰이어,Extreme,3-6인,90,False,주식투자,경제-거래-경매-베팅,5,3,6,False
아컴호러,ProGamer,3-8인,240,False,협력,협력-팀플레이,6,3,8,False
아임더보스,Very Hard,3-6인,60,True,거래협상,경제-거래-경매-베팅,4,3,6,False
아브라카왓,Hard,2-5인,30,True,타일추리,퍼즐-로직-코딩,3,2,5,False
아발론,Easy,2인,20,True,추상전략,추리-마피아-심리,1,2,2,False
아그리콜라,ProGamer,2-5인,120,True,농사전략,전략-전쟁-경영,6,2,5,False
신의한수,Normal,2인,30,False,추상전략,추리-마피아-심리,2,2,2,False
메트로,Normal,2-6인,45,False,길전략,기억력-암기,2,2,6,False
스플렌더,Hard,2-4인,45,True,카드전략,카드-덱빌딩,3,2,4,True
원카드클래식,Easy,2-10인,10,False,손털기,순발력-손기술,1,2,10,False
우봉고,Easy,2-4인,25,True,퍼즐조합,퍼즐-로직-코딩,1,2,4,False
우노,Easy,2-10인,20,True,손털기,순발력-손기술,1,2,10,False
와이어트어프,Hard,2-4인,60,False,마피아,추리-마피아-심리,3,2,4,False
줄로레또,Very Hard,2-5인,45,False,눈치전략,순발력-손기술,4,2,5,False
젬블로Q,Easy,2-4인,20,True,도형전략,전략-전쟁-경영,1,2,4,False
젬블로,Easy,6인,15,True,도형전략,전략-전쟁-경영,1,6,6,False
젠가,Very Easy,2-8인,20,True,손기술,순발력-손기술,0,2,8,False
젝스님트,Easy,4-10인,30,True,심리,추리-마피아-심리,1,4,10,False
댓츠라이프,Normal,3-5인,30,False,타일전략,퍼즐-로직-코딩,2,3,5,False
장미전쟁,Normal,2인,25,False,전략,전략-전쟁-경영,2,2,2,False
장기,Normal,2인,30,False,추상전략,추리-마피아-심리,2,2,2,False
인쉬,Normal,2인,20,False,추상전략,추리-마피아-심리,2,2,2,False
이웃집 몬스터,Normal,3-8인,30,False,마피아,추리-마피아-심리,2,3,8,False
이스탄불 : 모카 앤 박시시,ProGamer,2-5인,60,False,전략,전략-전쟁-경영,6,2,5,False
이스탄불,ProGamer,2-5인,60,False,전략,전략-전쟁-경영,6,2,5,False
이매진,Easy,3-8인,20,True,그림연상,그림,1,3,8,False
위너스서클,Hard,3-6인,45,True,경마베팅,경제-거래-경매-베팅,3,3,6,False
체스 앤 체커스,Normal,2인,30,False,추상전략,추리-마피아-심리,2,2,2,False
챠오챠오,Easy,3-5인,20,True,블러핑,경제-거래-경매-베팅,1,3,5,False
차이나타운,Very Hard,3-5인,60,True,협상거래,전략-전쟁-경영,4,3,5,False
컬러레또,Normal,3-5인,30,False,심리전략,추리-마피아-심리,2,3,5,False
콘셉트,Normal,4-12인,40,False,단어연상,단어-퀴즈-숫자-지식,2,4,12,False
카탄:5-6인확장,Extreme,5-6인,90,True,협상전략,전략-전쟁-경영,5,5,6,False
카탄:항해사,Extreme,3-4인,90,False,협상전략,전략-전쟁-경영,5,3,4,False
카탄:도시와기사,Extreme,3-4인,120,False,협상전략,전략-전쟁-경영,5,3,4,False
카멜업,Very Hard,2-8인,50,True,경마베팅,경제-거래-경매-베팅,4,2,8,False
카르카손,Hard,2-5인,30,False,타일전략,퍼즐-로직-코딩,3,2,5,False
카루바,Hard,2-4인,40,False,타일전략,퍼즐-로직-코딩,3,2,4,False
치킨차차,Easy,2-4인,20,True,그림기억,그림,1,2,4,False
초콜릿픽스,Normal,1-2인,20,False,논리퀴즈,단어-퀴즈-숫자-지식,2,1,2,False
코드777,Hard,2-5인,30,True,숫자추리,단어-퀴즈-숫자-지식,3,2,5,False
켈티스,Hard,3-4인,30,False,카드전략,카드-덱빌딩,3,3,4,False
티켓투라이드 : 유럽,Hard,2-5인,60,False,미션전략,전략-전쟁-경영,3,2,5,False
컴플레또,Easy,2-4인,30,True,숫자배열,단어-퀴즈-숫자-지식,1,2,4,False
컴팩트컬링,Easy,2-8인,30,False,손기술,순발력-손기술,1,2,8,False
타임라인:한국사,Easy,2-8인,15,True,지식대결,파티-가족-미니게임,1,2,8,False
타뷸라의늑대,Normal,8-24인,30,False,마피아,추리-마피아-심리,2,8,24,False
타르기,Very Hard,2인,60,True,전략,전략-전쟁-경영,4,2,2,False
클루,Hard,2-6인,35,True,범죄추리,추리-마피아-심리,3,2,6,True
클라스크,Very Easy,2인,10,False,축구게임,경주-스포츠,0,2,2,False
퀵소,Easy,2인,15,False,추상전략,추리-마피아-심리,1,2,2,False
쿼클,Normal,2-4인,30,False,타일전략,퍼즐-로직-코딩,2,2,4,False
쿼리도,Easy,"2, 4인",20,True,추상전략,추리-마피아-심리,1,2,4,False
티켓투라이드 : 노르딕컨트리,Hard,2-3인,45,False,미션전략,전략-전쟁-경영,3,2,3,False
콰르토,Easy,2인,20,False,추상전략,추리-마피아-심리,1,2,2,False
코코너츠,Very Easy,2-4인,30,True,손기술,순발력-손기술,0,2,4,False
테트리스링크,Easy,2-4인,15,False,공간지각,공간전략,1,2,4,False
테라미스티카,ProGamer,2-5인,180,False,전략,전략-전쟁-경영,6,2,5,False
텀블링몽키,Very Easy,2-4인,15,True,손기술,순발력-손기술,0,2,4,False
텀블링다이스,Very Easy,3-10인,30,False,주사위,주사위,0,3,10,False
터틀블럭,Very Easy,2-8인,15,True,손기술,순발력-손기술,0,2,8,False
피냐타,Hard,2인,30,True,카드전략,카드-덱빌딩,3,2,2,False
프로히스,Hard,3-6인,20,True,심리전략,추리-마피아-심리,3,3,6,False
푸에르토리코,ProGamer,2-5인,90,False,전략,전략-전쟁-경영,6,2,5,False
포세일,Normal,3-6인,20,True,투자경매,경제-거래-경매-베팅,2,3,6,False
펭귄팡팡 (펭귄트랩),Very Easy,2-4인,5,True,손기술,순발력-손기술,0,2,4,False
퍼레이드,Normal,3-6인,20,True,카드전략,카드-덱빌딩,2,3,6,False
팬데믹,Extreme,2-4인,45,True,협력,협력-팀플레이,5,2,4,False
패치워크,Hard,2인,25,True,전략퍼즐,전략-전쟁-경영,3,2,2,False
파라오코드,Easy,2-5인,20,True,사칙연산,단어-퀴즈-숫자-지식,1,2,5,False
티키토플,Normal,2-4인,20,True,심리전략,추리-마피아-심리,2,2,4,False
티켓투라이드,Hard,3-5인,40,True,미션전략,전략-전쟁-경영,3,3,5,False
톡톡우드맨,Very Easy,2-7인,10,True,손기술,순발력-손기술,0,2,7,False
토레스,Hard,2-4인,60,False,추상전략,추리-마피아-심리,3,2,4,False
한밤의 늑대인간 : 기본캐릭터,Very Hard,5-10인,15,True,마피아,추리-마피아-심리,4,5,10,False
하나비,Hard,3-5인,25,True,카드협력,카드-덱빌딩,3,3,5,False
피트,Easy,4-8인,15,True,카드거래,카드-덱빌딩,1,4,8,False
폴드잇,Easy,2-5인,20,False,그림인지,그림,1,2,5,False
코드네임 픽쳐스,Normal,4-8인,30,True,협동추리,협력-팀플레이,2,4,8,False
이것좀봐,Very Easy,3-6인,20,True,그림기억,그림,0,3,6,False
파리채,Easy,2-8인,10,True,순발력,순발력-손기술,1,2,8,False
흔들흔들해적선,Very Easy,2-4인,5,True,손기술,순발력-손기술,0,2,4,False
화이트채플에서 온 편지,Extreme,2-6인,90,True,범죄추리,추리-마피아-심리,5,2,6,False
행온하비 (꽉잡아하비),Very Easy,2인,10,False,손기술,순발력-손기술,0,2,2,False
해적룰렛,Very Easy,2-10인,5,False,복불복,파티-가족-미니게임,0,2,10,False
할리갈리 컵스,Very Easy,2-4인,10,True,순발력,순발력-손기술,0,2,4,False
할리갈리 익스트림,Easy,2-6인,20,True,순발력,순발력-손기술,1,2,6,False
할리갈리,Very Easy,2-7인,10,True,순발력,순발력-손기술,0,2,7,False
코티지가든,Hard,2-4인,60,False,퍼즐전략,퍼즐-로직-코딩,3,2,4,False
레지스탕스 쿠 : 리포메이션,Hard,6-10인,15,False,블러핑,경제-거래-경매-베팅,3,6,10,False
피라미드포커,Normal,2인,20,False,눈치,순발력-손기술,2,2,2,False
마스크맨,Hard,2-6인,20,False,트릭테이킹,전략-전쟁-경영,3,2,6,False
세븐원더스,Extreme,2-7인,60,False,세트컬렉션,전략-전쟁-경영,5,2,7,False
우봉고3D,Normal,2-4인,30,False,타일배치,퍼즐-로직-코딩,2,2,4,False
임호텝,Hard,2-4인,40,True,전략,전략-전쟁-경영,3,2,4,False
테마틱,Very Easy,2-10인,15,False,단어연상,단어-퀴즈-숫자-지식,0,2,10,False
미스터잭 인 뉴욕,Very Hard,2인,40,True,범죄추리,추리-마피아-심리,4,2,2,False
스타트업스,Normal,3-7인,20,False,주식투자,경제-거래-경매-베팅,2,3,7,False
애니멀옥션,Easy,3-6인,30,True,경매,경제-거래-경매-베팅,1,3,6,False
드림홈,Normal,2-4인,30,False,세트컬렉션,전략-전쟁-경영,2,2,4,False
벼룩서커스,Normal,3-5인,15,True,눈치전략,순발력-손기술,2,3,5,False
베니스커넥션,Easy,2인,10,False,두뇌사고,퍼즐-로직-코딩,1,2,2,False
센추리 : 향신료의 길,Hard,2-5인,40,True,카드전략,카드-덱빌딩,3,2,5,False
황혼의투쟁,ProGamer,2인,180,False,전략,전략-전쟁-경영,6,2,2,False
브레인스톰,Easy,2-10인,15,False,창의력,추리-마피아-심리,1,2,10,False
타란툴라탱고,Easy,2-5인,15,True,동물흉내,파티-가족-미니게임,1,2,5,False
마피아 데 쿠바,Hard,6-12인,20,False,마피아,추리-마피아-심리,3,6,12,False
스탁파일,Hard,3-5인,45,True,베팅경매,경제-거래-경매-베팅,3,3,5,False
마음의선물,Easy,3-6인,30,False,카드협상,카드-덱빌딩,1,3,6,False
위자드,Hard,3-6인,45,False,트릭테이킹,전략-전쟁-경영,3,3,6,False
스플렌더 : 찬란한도시,Hard,2-4인,45,True,카드전략,카드-덱빌딩,3,2,4,False
엘드리치호러,ProGamer,2-8인,180,False,협력,협력-팀플레이,6,2,8,False
다섯 부족,ProGamer,2-4인,60,False,전략,전략-전쟁-경영,6,2,4,False
유령대소동,Easy,2-8인,20,False,순발력,순발력-손기술,1,2,8,False
인디언포커,Easy,2-6인,30,True,카드베팅,카드-덱빌딩,1,2,6,True
쿠한델 마스터,Hard,3-6인,60,False,구라경매,경제-거래-경매-베팅,3,3,6,False
두더지 땅파기,Easy,2-4인,45,False,이동전략,전략-전쟁-경영,1,2,4,False
도미니언 : 장막뒤의사람들,Extreme,2-4인,30,False,덱빌딩,카드-덱빌딩,5,2,4,False
셀레스티아,Normal,2-6인,30,False,블러핑,경제-거래-경매-베팅,2,2,6,False
화이트채플 : 추가룰,Extreme,2-6인,90,True,추리,추리-마피아-심리,5,2,6,False
초밥왕,Easy,2-5인,20,True,카드심리,카드-덱빌딩,1,2,5,False
플라잉 팬케이크,Very Easy,2-4인,15,False,기억력,기억력-암기,0,2,4,False
토끼와 거북이,Normal,2-5인,15,False,핸드관리,경주-스포츠,2,2,5,False
졸리앤로저,Hard,2인,20,True,심리전략,추리-마피아-심리,3,2,2,False
스파이폴2,Normal,5-12인,30,True,마피아,추리-마피아-심리,2,5,12,False
생쥐만세 (비바토포),Easy,2-4인,20,False,주사위,주사위,1,2,4,False
총알탄로봇(리코쉐로봇),Normal,1-10인,30,False,추상전략,추리-마피아-심리,2,1,10,False
랫 어 탯캣,Easy,2-6인,10,False,숫자심리,단어-퀴즈-숫자-지식,1,2,6,False
뒤죽박죽 서커스,Easy,2-4인,20,False,손기술,순발력-손기술,1,2,4,False
큐윅스,Easy,2-5인,15,True,주사위,주사위,1,2,5,False
마제스티 크라운 앤 킹덤,Hard,2-4인,40,False,전략,전략-전쟁-경영,3,2,4,False
테이크 잇 이지,Normal,2-8인,20,False,타일전략,퍼즐-로직-코딩,2,2,8,False
레지스탕스 아발론 : 호수의여인,Very Hard,6-10인,40,True,마피아,추리-마피아-심리,4,6,10,False
크라임호텔,Normal,3-4인,30,True,트릭테이킹,전략-전쟁-경영,2,3,4,False
블루라군,Normal,2-4인,40,False,영역차지,전략-전쟁-경영,2,2,4,False
사그라다,Normal,2-4인,40,False,주사위배치,주사위,2,2,4,False
윌유메리미 (데어이쎄스),Easy,2-4인,10,True,심리추리,추리-마피아-심리,1,2,4,False
5분던전,Easy,2-5인,5,False,협력,협력-팀플레이,1,2,5,False
테라포밍마스,ProGamer,2-5인,120,False,전략,전략-전쟁-경영,6,2,5,False
킹도미노,Easy,2-4인,20,False,타일전략,퍼즐-로직-코딩,1,2,4,False
아키올로지,Normal,2-5인,20,False,세트컬렉션,전략-전쟁-경영,2,2,5,False
탤리호 (할랄리),Easy,2인,20,True,타일전략,퍼즐-로직-코딩,1,2,2,False
슬리핑 퀸즈,Normal,3-5인,15,False,카드,카드-덱빌딩,2,3,5,False
도망자,Normal,2인,20,True,추리,추리-마피아-심리,2,2,2,False
레이디 고디바,Normal,3-6인,15,False,블러핑,경제-거래-경매-베팅,2,3,6,False
데드 맨스 드로우,Normal,2-4인,15,False,카드,카드-덱빌딩,2,2,4,False
가짜예술가 뉴욕에가다,Easy,5-10인,15,True,그림마피아,그림,1,5,10,False
스컬킹,Hard,4-6인,30,True,트릭테이킹,전략-전쟁-경영,3,4,6,False
쇼텐토텐 : 전략카드 영상,Normal,2인,20,True,카드,카드-덱빌딩,2,2,2,False
센추리 : 동방의 바다,Hard,2-4인,45,False,추상전략,추리-마피아-심리,3,2,4,False
아줄,Hard,2-4인,40,True,추상전략,추리-마피아-심리,3,2,4,False
아그리콜라 : 일반모드,ProGamer,2-5인,120,True,농사전략,전략-전쟁-경영,6,2,5,False
더마인드,Normal,2-4인,20,True,숫자협력,단어-퀴즈-숫자-지식,2,2,4,False
헥스피드,Easy,2-4인,20,False,카드내려놓기,카드-덱빌딩,1,2,4,False
펭귄파티,Easy,3-5인,20,False,카드내려놓기,카드-덱빌딩,1,3,5,False
영리한 여우,Normal,2-4인,25,False,주사위,주사위,2,2,4,False
기즈모,Hard,2-4인,45,False,전략,전략-전쟁-경영,3,2,4,False
꿈의 대화,Normal,4-10인,30,True,단어마피아,단어-퀴즈-숫자-지식,2,4,10,False
산토리니,Normal,2인,20,False,추상전략,추리-마피아-심리,2,2,2,False
칼라리아,Very Easy,3-5인,10,False,순발력,순발력-손기술,0,3,5,False
코드네임,Normal,4-8인,30,True,협동추리,협력-팀플레이,2,4,8,False
고읭고읭,Very Easy,4인,10,True,순발력팀전,순발력-손기술,0,4,4,False
OX퀴즈왕,Very Easy,2-3인,15,False,상식퀴즈,단어-퀴즈-숫자-지식,0,2,3,False
데칼코,Easy,3-6인,30,False,그림연상,그림,1,3,6,False
라티스하와이,Normal,2-4인,30,False,타일전략,퍼즐-로직-코딩,2,2,4,False
모아보새,Normal,2-5인,20,False,카드전략,카드-덱빌딩,2,2,5,False
상어를 조심해,Very Easy,2-4인,5,True,복불복,파티-가족-미니게임,0,2,4,False
상어 아일랜드,Easy,2-4인,10,False,순발력,순발력-손기술,1,2,4,False
센추리 : 신대륙의 개척자,Very Hard,2-4인,30,False,전략,전략-전쟁-경영,4,2,4,False
셋셋셋,Easy,2-4인,10,False,순발력,순발력-손기술,1,2,4,False
솔레니아,Hard,2-4인,40,False,카드전략,카드-덱빌딩,3,2,4,False
에코링크,Easy,2-4인,20,False,퍼즐조합,퍼즐-로직-코딩,1,2,4,False
와글와글사파리,Very Easy,3-5인,10,False,순발력,순발력-손기술,0,3,5,False
윙스팬,Extreme,2-4인,50,True,전략,전략-전쟁-경영,5,2,4,False
자이푸르,Normal,2인,30,True,세트모으기,전략-전쟁-경영,2,2,2,False
저스트원,Very Easy,4-7인,20,True,협력단어퀴즈,협력-팀플레이,0,4,7,False
캐쉬,Normal,4-6인,20,False,카드전략,카드-덱빌딩,2,4,6,False
타코 캣 고트 치즈 피자,Very Easy,4-7인,10,True,순발력,순발력-손기술,0,4,7,False
테이블톡 패밀리,Very Easy,2-6인,20,True,대화,모험-RPG-스토리텔링,0,2,6,False
테이블톡 커플,Very Easy,2인,20,True,대화,모험-RPG-스토리텔링,0,2,2,False
테이블톡 베이직,Very Easy,2-6인,20,True,대화,모험-RPG-스토리텔링,0,2,6,False
파워그리드,Extreme,4-6인,120,True,전략,전략-전쟁-경영,5,4,6,False
니다벨리르,Hard,3-5인,45,False,코인빌딩,경제-거래-경매-베팅,3,3,5,False
제왕의 깃발,Normal,3-4인,20,False,카드전략,카드-덱빌딩,2,3,4,False
빛의 도시 파리,Normal,2인,30,True,타일놓기,퍼즐-로직-코딩,2,2,2,False
5초준다,Very Easy,3-6인,20,True,순발력,순발력-손기술,0,3,6,False
화이트홀,Very Hard,2인,45,True,범죄추리,추리-마피아-심리,4,2,2,False
지도제작자들,Normal,2-12인,30,True,눈치전략,순발력-손기술,2,2,12,False
꼬치의 달인,Very Easy,2-4인,15,False,순발력,순발력-손기술,0,2,4,True
카탄,Extreme,3-4인,60,True,협상전략,전략-전쟁-경영,5,3,4,False
뱀파이어퀸,Normal,4-8인,30,False,카드전략,카드-덱빌딩,2,4,8,False
부두프린스,Normal,4-5인,30,False,트릭테이킹,전략-전쟁-경영,2,4,5,False
노터치 크라켄 디럭스 (크툴루를 건드리지마),Normal,3-8인,30,True,마피아,추리-마피아-심리,2,3,8,False
의자쌓기,Very Easy,2-6인,10,True,손기술,순발력-손기술,0,2,6,False
일루전,Easy,2-5인,15,False,패턴인식,퍼즐-로직-코딩,1,2,5,False
잉카의 황금,Normal,3-8인,25,True,심리,추리-마피아-심리,2,3,8,False
너도나도파티,Easy,3-12인,20,True,공감파티,단어-퀴즈-숫자-지식,1,3,12,False
공기놀이,Very Easy,2-4인,15,False,손기술,순발력-손기술,0,2,4,False
티츄 딜럭스,Extreme,4인,60,True,조합협력,전략-전쟁-경영,5,4,4,False
코린트,Hard,2-4인,25,False,주사위,주사위,3,2,4,False
랩터,Hard,2인,30,False,카드전략,카드-덱빌딩,3,2,2,False
도미니언,Extreme,2-4인,40,True,덱빌딩,카드-덱빌딩,5,2,4,False
한밤의늑대인간 : 진행영상-모든캐릭터,Very Hard,5-10인,15,True,마피아,추리-마피아-심리,4,5,10,False
한밤의늑대인간 : 진행영상-추가캐릭터,Very Hard,5-10인,15,True,마피아,추리-마피아-심리,4,5,10,False
한밤의늑대인간 : 진행영상-기본캐릭터,Very Hard,5-10인,15,True,마피아,추리-마피아-심리,4,5,10,False
한밤의 늑대인간 : 모든캐릭터,Very Hard,5-10인,15,True,마피아,추리-마피아-심리,4,5,10,False
테라포밍마스: 개척기지,ProGamer,3인,120,False,전략,전략-전쟁-경영,6,3,3,False
테라포밍마스: 비너스 넥스트,ProGamer,3-4인,120,False,전략,전략-전쟁-경영,6,3,4,False
테라포밍마스: 서곡,ProGamer,2-4인,120,False,전략,전략-전쟁-경영,6,2,4,False
스탁파일: 불법 투자,Hard,3-5인,60,False,베팅경매,경제-거래-경매-베팅,3,3,5,False
스탁파일: 계속되는 부패,Hard,3-5인,60,False,베팅경매,경제-거래-경매-베팅,3,3,5,False
블랙햇츠,Hard,2-5인,40,True,추리,추리-마피아-심리,3,2,5,False
5분마블,Easy,3-5인,10,True,협력,협력-팀플레이,1,3,5,False
13클루,Normal,3-6인,30,True,카드추리,카드-덱빌딩,2,3,6,False
하이소사이어티,Normal,4-5인,15,False,카드경매,카드-덱빌딩,2,4,5,False
밸런스게임,Very Easy,2-5인,15,False,대화,모험-RPG-스토리텔링,0,2,5,False
캔트스탑,Normal,2-4인,30,True,주사위,주사위,2,2,4,False
내 마음의 주파수,Easy,2-8인,30,False,공감파티,단어-퀴즈-숫자-지식,1,2,8,False
다이아몬드 게임,Very Easy,2-3인,20,False,추상전략,추리-마피아-심리,0,2,3,False
사이먼에어,Very Easy,1-4인,15,False,기억력액션,기억력-암기,0,1,4,False
요트다이스,Normal,3-5인,30,True,주사위전략,주사위,2,3,5,False
구룡투,Easy,2인,15,False,심리전략,추리-마피아-심리,1,2,2,False
키포지 : 어둠의 물결,Very Hard,2인,30,True,카드대전,카드-덱빌딩,4,2,2,False
다잉메시지 : 소설가의 마지막 문장,Normal,3-6인,25,True,협력추리,추리-마피아-심리,2,3,6,False
언매치드,Normal,"2, 4인",20,False,격투대전,모험-RPG-스토리텔링,2,2,4,False
보내줘 여행,Normal,2-6인,60,False,투자경영,경제-거래-경매-베팅,2,2,6,False
언락3,Normal,2-6인,60,True,방탈출,추리-마피아-심리,2,2,6,False
언락2,Normal,2-6인,60,True,방탈출,추리-마피아-심리,2,2,6,False
루빅스레이스,Very Easy,2인,5,False,퍼즐,퍼즐-로직-코딩,0,2,2,False
바퀴벌레포커 로얄,Normal,2-6인,15,False,블러핑,경제-거래-경매-베팅,2,2,6,False
스페이스크루,Hard,3-5인,25,False,트릭테이킹,전략-전쟁-경영,3,3,5,False
돌팔이 약장수,Hard,3-4인,45,False,운빨덱빌딩,파티-가족-미니게임,3,3,4,False
만약카드 이심전심,Very Easy,2-4인,30,False,대화,모험-RPG-스토리텔링,0,2,4,False
인더스트리아,Hard,3-4인,40,False,경매엔진,경제-거래-경매-베팅,3,3,4,False
더치블리츠,Easy,3-4인,10,True,순발력운빨,순발력-손기술,1,3,4,False
포션폭발,Normal,2-4인,45,False,콤보전략,전략-전쟁-경영,2,2,4,False
도둑잡기,Easy,2-6인,45,False,팀전주사위,카드-덱빌딩,1,2,6,False
윷놀이,Very Easy,4-8인,30,False,운빨레이싱,파티-가족-미니게임,0,4,8,False
디크립토,Normal,4-8인,30,False,협동추리,협력-팀플레이,2,4,8,False
퍼스트콘택트,Normal,4-7인,40,False,문자추리,추리-마피아-심리,2,4,7,False
스크리블 타임,Easy,3-6인,20,True,그림기억,그림,1,3,6,False
로꼬라마,Easy,3-4인,20,False,숫자연산,단어-퀴즈-숫자-지식,1,3,4,False
듄 : 임페리움,Extreme,3-4인,90,False,덱빌딩전략,카드-덱빌딩,5,3,4,False
로스트시티,Normal,2인,20,True,카드전략,카드-덱빌딩,2,2,2,False
딕싯,Normal,4-6인,20,True,그림연상,그림,2,4,6,False
파라노말 디텍티브,Normal,4-6인,30,True,소통추리,추리-마피아-심리,2,4,6,False
블리츠 한글자,Very Easy,3-6인,20,False,단어연상,단어-퀴즈-숫자-지식,0,3,6,False
지킬대하이드,Normal,2인,20,True,트릭테이킹,전략-전쟁-경영,2,2,2,False
언락4,Normal,2-6인,60,True,방탈출,추리-마피아-심리,2,2,6,False
고스톱,Normal,3인,60,False,전통놀이,전략-전쟁-경영,2,3,3,False
포커,Normal,3-9인,60,False,베팅,경제-거래-경매-베팅,2,3,9,False
캐스캐디아,Normal,2-4인,30,True,타일놓기,퍼즐-로직-코딩,2,2,4,False
서스펙트게임,Hard,4인,90,True,추리역할극,추리-마피아-심리,3,4,4,False
블랙햇츠2,Hard,2-5인,40,True,추리,추리-마피아-심리,3,2,5,False
시크릿 히틀러,Very Hard,6-10인,45,True,마피아,추리-마피아-심리,4,6,10,False
쇼텐토텐2,Normal,2인,20,False,카드,카드-덱빌딩,2,2,2,False
독수리 눈치싸움,Easy,3-5인,20,True,심리,추리-마피아-심리,1,3,5,False
언락1,Normal,2-6인,60,True,방탈출,추리-마피아-심리,2,2,6,False
시크릿 히틀러 : 진행영상,Very Hard,6-10인,45,True,마피아,추리-마피아-심리,4,6,10,False
다잉메시지 확장판 : 공범의 그림자,Normal,6-8인,25,True,마피아추리,추리-마피아-심리,2,6,8,False
진라면,Normal,3-4인,30,True,세트컬렉션,전략-전쟁-경영,2,3,4,False
바방크,Normal,4-6인,35,False,베팅심리,경제-거래-경매-베팅,2,4,6,False
부루마불 대한독립,Normal,2-4인,30,True,협력,협력-팀플레이,2,2,4,False
마음보듬 대화카드,Very Easy,2-5인,20,True,대화,모험-RPG-스토리텔링,0,2,5,False
포인트샐러드 : 이브이에디션,Normal,2-5인,30,True,세트컬렉션,전략-전쟁-경영,2,2,5,False
페이퍼사파리 : 피카츄와 친구들,Normal,3-5인,20,True,세트컬렉션,전략-전쟁-경영,2,3,5,False
코드네임 듀엣,Normal,2인,20,False,협력추리,추리-마피아-심리,2,2,2,False
머핀타임,Easy,3-6인,30,False,카드,카드-덱빌딩,1,3,6,False
스파이시,Normal,4-5인,20,False,블러핑,경제-거래-경매-베팅,2,4,5,False
노팅엄의 지방관,Normal,4-6인,50,False,협상,전략-전쟁-경영,2,4,6,False
새벽의 뱀파이어,Easy,3-6 인,30,False,기억력,기억력-암기,1,3,6,False
인생게임,Normal,2-6인,60,False,인생경영,전략-전쟁-경영,2,2,6,False
워드캡처 티키타카,Very Easy,4-6인,10,False,단어연상,단어-퀴즈-숫자-지식,0,4,6,False
스플렌더 대결,Hard,2,30,False,전략,전략-전쟁-경영,3,2,2,False
재치와 눈치,Easy,4-5인,10,False,퀴즈눈치,단어-퀴즈-숫자-지식,1,4,5,False
익스플로딩 키튼,Easy,4-5인,15,False,카드운빨,카드-덱빌딩,1,4,5,False
디스크커버,Easy,3-6인,20,False,음악공감,모험-RPG-스토리텔링,1,3,6,False
튜링머신,Very Hard,1-3 인,20,False,퍼즐조합,퍼즐-로직-코딩,4,1,3,False
언락6,Normal,2-6인,60,True,방탈출,추리-마피아-심리,2,2,6,False
언락5,Normal,2-6인,60,True,방탈출,추리-마피아-심리,2,2,6,False
마법사와 움직이는 탑,Easy,2~6인,30,False,기억력,기억력-암기,1,2,6,False
스타워즈 : 덱빌딩 게임,Hard,2,30,False,덱빌딩,카드-덱빌딩,3,2,2,False
달러투도넛,Normal,3-4인,30,False,운영,전략-전쟁-경영,2,3,4,False
디셉션 : 홍콩 살인 사건,Very Hard,6-12인,20,True,마피아,추리-마피아-심리,4,6,12,False
카후나,Hard,2인,30,False,영향력,파티-가족-미니게임,3,2,2,False
꼬꼬미노,Easy,3-4인,20,False,주사위,주사위,1,3,4,False
루미큐브 한글,Easy,2-4인,20,False,단어조합,단어-퀴즈-숫자-지식,1,2,4,False
라온 조각,Easy,2-4인,10,False,단어조합,단어-퀴즈-숫자-지식,1,2,4,False
쿠키런 러브레터,Normal,3-6인,20,False,카드,카드-덱빌딩,2,3,6,False
인코그니토,Very Hard,4인,60,False,역할추리,추리-마피아-심리,4,4,4,False
세트업,Normal,2~4인,20,False,추상전략,추리-마피아-심리,2,2,4,False
워터게이트,Extreme,2,45,False,전략,전략-전쟁-경영,5,2,2,False
라쿠카라차,Very Easy,2~4인,5,True,순발력,순발력-손기술,0,2,4,True
슬루스,Normal,3-7인,30,False,추리,추리-마피아-심리,2,3,7,False
오트리오,Easy,2-4인,20,False,추상전략,추리-마피아-심리,1,2,4,False
프로젝트L,Normal,2-4인,30,False,퍼즐전략,퍼즐-로직-코딩,2,2,4,False
샤크,Hard,3-5인,60,False,전략,전략-전쟁-경영,3,3,5,False
방방 날아라 돼지,Very Easy,3인,10,False,손기술,순발력-손기술,0,3,3,False
커피러시,Normal,3인,30,False,운영,전략-전쟁-경영,2,3,3,False
오뚜기 윷놀이,Very Easy,4인,30,True,레이싱,경주-스포츠,0,4,4,False
도블 포켓몬스터,Easy,2-5인,10,True,순발력,순발력-손기술,1,2,5,False
스컬,Easy,03-06,20,False,블러핑,경제-거래-경매-베팅,1,3,6,False
포실리스,Hard,2-5인,45,False,화석탐험,모험-RPG-스토리텔링,3,2,5,False
폴짝폴짝 개구리 사탕먹기,Very Easy,2-4인,10,False,순발력,순발력-손기술,0,2,4,False
탑텐TV,Easy,4-7인,30,False,파티,파티-가족-미니게임,1,4,7,False
용의자들,Normal,2-6인,60,False,추리,추리-마피아-심리,2,2,6,False
캐치스케치,Easy,4-6인,20,False,그리기,공간전략,1,4,6,False
폭탄돌리기,Easy,2-8인,15,False,퀴즈,단어-퀴즈-숫자-지식,1,2,8,False
퍼니버니,Easy,2-4인,30,False,복불복,파티-가족-미니게임,1,2,4,False
바보타임,Easy,3-8인,15,False,액션,경주-스포츠,1,3,8,False
버건디의 성,ProGamer,2-4인,90,False,주사위전략,주사위,6,2,4,False
후엠아이,Easy,2-4인,10,False,단어파티,단어-퀴즈-숫자-지식,1,2,4,False
햄버거타이쿤,Very Easy,2인,10,False,손기술,순발력-손기술,0,2,2,False
스플렌더 : 포켓몬,Hard,2-4인,30,False,카드전략,카드-덱빌딩,3,2,4,False
배럴다이스,Normal,4-5인,30,False,주사위베팅,주사위,2,4,5,False
스플렌더 마블,Hard,2-4인,30,False,카드전략,카드-덱빌딩,3,2,4,False
라이헌트 시크릿 텔러,Easy,4-6인,30,True,대화베팅,모험-RPG-스토리텔링,1,4,6,True
금지어 게임,Easy,"4,6,8인",15,True,파티,파티-가족-미니게임,1,4,8,True
이스탄불 주사위게임,Hard,3인,40,False,주사위전략,주사위,3,3,3,False
스위스 사는 스미스씨,Easy,2-6인,10,False,파티,파티-가족-미니게임,1,2,6,False
다이브,Normal,2-4인,25,False,탐험,모험-RPG-스토리텔링,2,2,4,False
알리바이,Hard,4-6인,60,False,마피아,추리-마피아-심리,3,4,6,False
전지적 추리시점,Normal,4인,60,False,협력추리,추리-마피아-심리,2,4,4,False
간장공장공장장,Easy,2-6인,15,False,순발력,순발력-손기술,1,2,6,False
스시팡,Very Easy,2-4인,10,False,복불복,파티-가족-미니게임,0,2,4,False
둥실둥실용용이,Very Easy,2-4인,10,False,손기술,순발력-손기술,0,2,4,False
갈팡질팡,Normal,2-8인,15,False,협력퍼즐,협력-팀플레이,2,2,8,False
놉놉테이블,Easy,3-6인,20,False,공감,단어-퀴즈-숫자-지식,1,3,6,False
스카이팀,Normal,2인,15,False,협력,협력-팀플레이,2,2,2,False
캣츠런,Very Easy,2-4인,10,True,주사위,주사위,0,2,4,False
풍기,Hard,2인,30,False,카드전략,카드-덱빌딩,3,2,2,False
나의 최애 명대사,Easy,3-6인,15,False,순발력,순발력-손기술,1,3,6,False
라이헌트 미스터리 아티스트,Easy,3-8인,30,True,그림마피아,그림,1,3,8,True
나인 데이즈 대탈출,Normal,2-4인,20,False,협력생존,협력-팀플레이,2,2,4,False
노터치 크라켄 (크툴루를 건드리지마),Normal,3-6인,30,True,마피아,추리-마피아-심리,2,3,6,False
스크래블,Easy,2-4인,60,False,단어조합,단어-퀴즈-숫자-지식,1,2,4,False
손바닥룰렛,Very Easy,2-4인,20,False,파티,파티-가족-미니게임,0,2,4,False
도블 동물원,Easy,2-5인,10,True,순발력,순발력-손기술,1,2,5,False
강아지똥,Very Easy,2-5인,15,True,타이밍,파티-가족-미니게임,0,2,5,False
스킵피티,Easy,2-4인,20,False,추상전략,추리-마피아-심리,1,2,4,False
스피디피커스,Easy,3-4인,30,False,숨은그림찾기,파티-가족-미니게임,1,3,4,False
거짓말탐지기,Very Easy,2-8인,5,True,파티게임,파티-가족-미니게임,0,2,8,False
트릭과 괴인,Normal,4인,20,False,카드추론,카드-덱빌딩,2,4,4,False
강아지똥 웰시코기,Very Easy,2-5인,15,True,타이밍,파티-가족-미니게임,0,2,5,False
사운드퀴즈쇼,Easy,2-5인,15,False,퀴즈,단어-퀴즈-숫자-지식,1,2,5,False
아그리콜라(개정판),ProGamer,2~4인,150,False,농사전략,전략-전쟁-경영,6,2,4,False
우노어택,Easy,3-10명,20,True,손털기,순발력-손기술,1,3,10,False
링코,Normal,2-4인,20,False,패털기,카드-덱빌딩,2,2,4,False
알려줘 너의 TMI,Normal,3-6인,15,False,대화,모험-RPG-스토리텔링,2,3,6,False
방금 떠올린 프로포즈의 말을 너에게 바칠게,Easy,3-6인,15,False,파티,파티-가족-미니게임,1,3,6,False
페루도,Normal,3-6인,30,False,블러핑,경제-거래-경매-베팅,2,3,6,False
푸에르토리코 1897,ProGamer,2-5인,90,False,전략,전략-전쟁-경영,6,2,5,False
잠만보 다이스게임,Normal,2-6인,20,False,주사위,주사위,2,2,6,False
클러스터,Very Easy,2-4인,15,False,손기술,순발력-손기술,0,2,4,False
스틱스택,Very Easy,2-10인,10,False,손기술,순발력-손기술,0,2,10,False
티칼,ProGamer,2-4인,90,False,전략,전략-전쟁-경영,6,2,4,False
도미니언 : 정복자의바다,Extreme,2-4인,30,False,덱빌딩,카드-덱빌딩,5,2,4,False
광합성,Extreme,2-4인,60,False,전략,전략-전쟁-경영,5,2,4,False
카멜업 2판,Very Hard,3-8인,40,False,경마베팅,경제-거래-경매-베팅,4,3,8,False
하나미코지,Normal,2인,30,False,카드드래프팅,카드-덱빌딩,2,2,2,False
참새작,Very Hard,3-5인,30,False,미니마작,카드-덱빌딩,4,3,5,False
후지플러시,Normal,6-8인,20,False,손털기,순발력-손기술,2,6,8,False
버거와썹,Very Easy,4인,15,False,순발력,순발력-손기술,0,4,4,False
한밤의 수수께끼,Hard,6-7인,10,False,단어추리,단어-퀴즈-숫자-지식,3,6,7,False
마이티,Extreme,5인,50,False,트릭테이킹,전략-전쟁-경영,5,5,5,False
고고페이스 루빅큐브,Very Easy,2-4인,15,False,순발력,순발력-손기술,0,2,4,False
미스터 페퍼,Easy,2-5인,15,False,순발력,순발력-손기술,1,2,5,False
서스펙트 게임 : 리로드,Normal,3인,60,False,역할추리,추리-마피아-심리,2,3,3,False
언락 키즈,Easy,1-4인,30,False,방탈출,추리-마피아-심리,1,1,4,False
누가 치즈를 훔쳤을까,Normal,6-8인,15,False,마피아,추리-마피아-심리,2,6,8,False
다잉메시지2 : 만화가의 마지막 그림,Normal,4-6인,20,False,추리,추리-마피아-심리,2,4,6,False
디셉션 : 언더커버,Very Hard,8-14인,30,False,마피아,추리-마피아-심리,4,8,14,False
헐 소리 나오는 게임,Very Easy,6-8인,15,False,파티연기,파티-가족-미니게임,0,6,8,False
카트라이더 레이싱게임,Easy,2-4인,30,False,레이싱,경주-스포츠,1,2,4,False
라이어게임,Easy,3-6인,10,False,마피아,추리-마피아-심리,1,3,6,False
다빈치코드 플러스,Normal,2-4인,10,False,추리,추리-마피아-심리,2,2,4,False
슈뢰딩거의 고양이,Hard,3-5인,30,False,트릭테이킹,전략-전쟁-경영,3,3,5,False
미스터리 포켓 막이 내리다,Normal,3-6인,60,False,추리,추리-마피아-심리,2,3,6,False
카멜업 카드게임,Very Hard,4-6인,40,False,레이싱,경주-스포츠,4,4,6,False
꿀곰 굴리기,Very Easy,4-6인,10,False,파티,파티-가족-미니게임,0,4,6,False
라비린스 포켓몬,Normal,2-4인,30,False,기억력,기억력-암기,2,2,4,False
토르나로코,Easy,2-4인,10,False,파티,파티-가족-미니게임,1,2,4,False
콰왈레,Easy,2인,15,False,추상전략,추리-마피아-심리,1,2,2,False
롱샷 다이스,Normal,2-6인,25,False,레이싱,경주-스포츠,2,2,6,False
심술쟁이 고양이,Very Easy,2-4인,15,False,복불복,파티-가족-미니게임,0,2,4,False
치킨치킨,Very Easy,2-8인,20,False,파티,파티-가족-미니게임,0,2,8,False
모자가 아니잖아,Easy,4-5인,15,False,블러핑,경제-거래-경매-베팅,1,4,5,False
타임라인 트위스트,Easy,2-6인,20,False,지식대결,파티-가족-미니게임,1,2,6,False
포켓 디텍티브 1,Hard,2-4인,45,False,추리,추리-마피아-심리,3,2,4,False
미스테리움 파크,Hard,2-6인,35,False,협력추리,추리-마피아-심리,3,2,6,False
테라포밍마스 주사위 게임,Very Hard,2-4인,45,False,주사위전략,주사위,4,2,4,False
쿼리도 팩맨,Easy,2-인,15,False,추상전략,추리-마피아-심리,1,2,2,False
세일럼 1692,Very Hard,6-12인,30,False,마피아,추리-마피아-심리,4,6,12,False
죄수들의 밤,Normal,4-6인,30,False,마피아,추리-마피아-심리,2,4,6,False
반지의 제왕 가운데 땅에서의 대결,Hard,2인,45,False,세트컬렉션,전략-전쟁-경영,3,2,2,False
언락쇼츠 미라가 깨어나다,Normal,2-4인,40,False,방탈출,추리-마피아-심리,2,2,4,False
언락쇼츠 할머니의 비밀 레시피,Normal,02-04,30,False,방탈출,추리-마피아-심리,2,2,4,False
픽토매니아,Easy,3-6인,30,False,그림퍼즐,그림,1,3,6,False
우노 : 데스매치,Easy,3-6인,20,False,손털기,순발력-손기술,1,3,6,False
버거마스터,Easy,2-6인,20,False,퍼즐,퍼즐-로직-코딩,1,2,6,False
동키더비,Easy,3-5인,25,False,경주베팅,경주-스포츠,1,3,5,False
핸즈,Easy,3-8인,20,False,순발력,순발력-손기술,1,3,8,False
악어룰렛,Very Easy,2-5인,5,True,복불복,파티-가족-미니게임,0,2,5,False
왓츠 잇 투야,Very Easy,4-8인,15,False,공감파티,단어-퀴즈-숫자-지식,0,4,8,False
타코케챂마요치즈피자,Very Easy,4-7인,10,True,순발력,순발력-손기술,0,4,7,False
벌룬컵,Hard,2인,20,True,카드전략,카드-덱빌딩,3,2,2,False
워 체스트,Very Hard,"2,4인",30,False,추상전략,추리-마피아-심리,4,2,4,False
사건의 재구성,Hard,2-4인,60,False,추리,추리-마피아-심리,3,2,4,False
큐비토스,Hard,2-4인,30,False,운빨레이스,파티-가족-미니게임,3,2,4,False
마피아 데 쿠바 : 혁명,Hard,6-12인,20,False,마피아,추리-마피아-심리,3,6,12,False
욕심쟁이 여우,Very Easy,2인,15,False,손기술,순발력-손기술,0,2,2,False
판타지왕국,Normal,4인,10,False,카드세트컬렉션,카드-덱빌딩,2,4,4,False
애니모크레이지,Normal,5-10인,30,False,투표,경제-거래-경매-베팅,2,5,10,False
옛날옛적에,Easy,3-6인,30,False,스토리텔링,모험-RPG-스토리텔링,1,3,6,False
팀3,Normal,"3, 6인",30,False,협력팀전,협력-팀플레이,2,3,6,False
나인 멘스 모리스,Normal,2인,20,False,추상전략,추리-마피아-심리,2,2,2,False
타기론,Normal,3인,15,False,소거추리,추리-마피아-심리,2,3,3,False
아멜리아의 비밀,Normal,2인,60,False,증강현실,공간전략,2,2,2,False
붐 버스터즈,Easy,2-6인,15,False,카드,카드-덱빌딩,1,2,6,False
자메이카,Normal,3-6인,45,False,레이싱,경주-스포츠,2,3,6,False
욕심쟁이 다람쥐,Very Easy,2-4인,10,False,복불복,파티-가족-미니게임,0,2,4,False
돌VS인간,Very Easy,2-99인,15,False,퀴즈,단어-퀴즈-숫자-지식,0,2,99,False
캐스캐디아 랜드마크,Normal,2-4인,40,False,타일배치,퍼즐-로직-코딩,2,2,4,False
쿠키박스,Very Easy,2-4인,15,False,순발력,순발력-손기술,0,2,4,False
당나귀 다리,Easy,3-6인,30,False,이야기,모험-RPG-스토리텔링,1,3,6,False
케이크파티,Easy,2-4인,15,False,손기술,순발력-손기술,1,2,4,False
레디셋벳,Normal,4-9인,45,False,베팅,경제-거래-경매-베팅,2,4,9,False
작가와의 만남,Hard,5인,69,False,머더,추리-마피아-심리,3,5,5,False
불꽃놀이,Hard,5인,90,False,머더,추리-마피아-심리,3,5,5,False
오비토,Easy,2인,10,False,추상전략,추리-마피아-심리,1,2,2,False
라스트 펭귄,Easy,3-5인,25,False,손기술,순발력-손기술,1,3,5,False
진실의 입,Easy,2-4인,20,False,거짓말탐지기,추리-마피아-심리,1,2,4,False
한밤의 뱀파이어,Very Hard,3,10,False,마피아,추리-마피아-심리,4,3,3,False
오델로 스핀,Easy,2인,20,False,추상전략,추리-마피아-심리,1,2,2,False
할리갈리 포켓몬,Very Easy,2-6인,15,False,순발력,순발력-손기술,0,2,6,False
인사이드 팩트 미싱,Normal,2-2인,100,False,머더,추리-마피아-심리,2,2,2,False
인사이드 팩트 카르마,Normal,2인,100,False,머더,추리-마피아-심리,2,2,2,False
인사이드 팩트 날씨는 맑음,Normal,2인,100,False,머더,추리-마피아-심리,2,2,2,False
찐데신,Normal,4-6인,30,False,파티,파티-가족-미니게임,2,4,6,False
꼬치의 달인 그랜드마스터,Very Easy,2-6인,25,False,순발력,순발력-손기술,0,2,6,False
티츄,Extreme,4인,60,True,조합협력,전략-전쟁-경영,5,4,4,False
쇼킹룰렛,Very Easy,2-4인,5,True,복불복,파티-가족-미니게임,0,2,4,False
할리갈리 배사매무초,Very Easy,2-7인,10,True,순발력,순발력-손기술,0,2,7,False
윙스팬 : 아시아,Extreme,2인,50,False,전략,전략-전쟁-경영,5,2,2,False
플레이 점프,Easy,2-6인,30,True,주사위,주사위,1,2,6,False
워드캡처,Very Easy,3-6인,15,False,단어,단어-퀴즈-숫자-지식,0,3,6,False
모두의마블 : 메가디럭스,Normal,2-4인,40,False,투자경영,경제-거래-경매-베팅,2,2,4,False
코요테,Easy,3-5인,20,False,추리,추리-마피아-심리,1,3,5,False
겟패킹,Easy,2-4인,15,False,손기술,순발력-손기술,1,2,4,False
케자오,Easy,2-5인,20,False,순발력,순발력-손기술,1,2,5,False
메나라,Normal,2-4인,40,False,협력,협력-팀플레이,2,2,4,False
도블 캠핑,Very Easy,3-6인,15,False,순발력,순발력-손기술,0,3,6,False
더지니어스:호러레이스,Normal,7-12인,30,False,레이싱,경주-스포츠,2,7,12,False
아컴호러 3판,ProGamer,3-4인,180,False,협력,협력-팀플레이,6,3,4,False
꼬마돼지서커스,Easy,2-5인,10,False,주사위,주사위,1,2,5,False
딕싯 : 하모니즈,Normal,4-6인,20,False,그림연상,그림,2,4,6,False
광란의 푸드트럭,Normal,3-6인,20,False,눈치심리,순발력-손기술,2,3,6,False
카멜레온,Normal,4-6인,15,False,마피아,추리-마피아-심리,2,4,6,False
오델로,Easy,2인,30,False,추상전략,추리-마피아-심리,1,2,2,False
할리갈리 카카오프렌즈,Very Easy,2-6인,15,False,순발력,순발력-손기술,0,2,6,False
아줄 : 쇼콜라티에,Hard,2-4인,40,False,추상전략,추리-마피아-심리,3,2,4,False
구십구,Easy,3-6인,20,False,카드,카드-덱빌딩,1,3,6,False
스릴팡,Very Easy,2-4인,10,False,손기술,순발력-손기술,0,2,4,False
윙스팬 유럽 확장,Extreme,2인,45,False,전략,전략-전쟁-경영,5,2,2,False
반디도,Normal,3-4인,15,False,협력,협력-팀플레이,2,3,4,False
카탄 카드게임,Hard,2인,60,False,카드전략,카드-덱빌딩,3,2,2,False
맘마미아,Normal,2-5인,30,False,기억력,기억력-암기,2,2,5,False
왓더벅,Easy,3-6인,20,False,파티,파티-가족-미니게임,1,3,6,False
흔들흔들 밸런스타워,Very Easy,2-4인,15,False,균형잡기,공간전략,0,2,4,False
액션마피아,Easy,3-10인,30,False,마피아,추리-마피아-심리,1,3,10,False
고양이 카를라와 치즈 도둑들,Easy,4-6인,20,False,순발력,순발력-손기술,1,4,6,False
데드박스,Normal,2인,60,False,방탈출추리,추리-마피아-심리,2,2,2,False
서바이벌 그라운드,Easy,2-4인,30,False,생존경쟁,전략-전쟁-경영,1,2,4,False
유유카드,Easy,2~99인,5,False,대화,모험-RPG-스토리텔링,1,2,99,False
3초 트라이,Easy,3-6인,15,False,퀴즈,단어-퀴즈-숫자-지식,1,3,6,False
미크로마크로 : 크라임 시티,Normal,1-3인,20,False,협동추리,협력-팀플레이,2,1,3,False
미크로마크로 : 크라임 시티 풀 하우스,Normal,1-3인,20,False,협동추리,협력-팀플레이,2,1,3,False
푸에블로,Normal,"2,4인",60,False,입체퍼즐,퍼즐-로직-코딩,2,2,4,False
에버델,Hard,2-4인,40,False,전략,전략-전쟁-경영,3,2,4,False
점박이,Easy,2-4인,30,False,주사위,주사위,1,2,4,False
주문이 너무 많아 카페,Easy,2-4인,20,False,퍼즐,퍼즐-로직-코딩,1,2,4,False
폭탄돌리기 컬러플래시,Easy,3-8인,30,False,복불복,파티-가족-미니게임,1,3,8,False
촵촵다이스,Easy,2-4인,30,False,세트컬렉션,전략-전쟁-경영,1,2,4,False
광기의 저택,Very Hard,2-5인,100,False,협력,협력-팀플레이,4,2,5,False
디텍티브 : 모던 크라임,Extreme,3-5인,99,False,추리,추리-마피아-심리,5,3,5,False
블랙 스토리즈 : 황당한죽음,Easy,2-99인,20,False,미스터리,추리-마피아-심리,1,2,99,False
블랙 스토리즈 : 운수 나쁜날,Easy,2-99인,20,False,미스터리,추리-마피아-심리,1,2,99,False
스텔라,Normal,04-06,30,False,단어연상,단어-퀴즈-숫자-지식,2,4,6,False
헤일 하이드라,Hard,5-8인,40,False,마피아,추리-마피아-심리,3,5,8,False
스파이코드 : 해킹미션,Easy,2-6인,20,False,협력추리,추리-마피아-심리,1,2,6,False
광기의 산맥,Very Hard,4-5인,60,False,협동전략,협력-팀플레이,4,4,5,False
카우보이 포니,Very Easy,2-4인,10,False,복불복,파티-가족-미니게임,0,2,4,False
나를 맞춰봐,Normal,2-6인,30,False,대화,모험-RPG-스토리텔링,2,2,6,False
두잇,Easy,2인,10,False,카드,카드-덱빌딩,1,2,2,False
아크노바,Extreme,2-4인,90,False,전략,전략-전쟁-경영,5,2,4,False
쉐이크 스토리즈,Easy,2-10인,10,False,대화이야기,모험-RPG-스토리텔링,1,2,10,False
할리갈리 트위스트,Very Easy,2-4인,20,False,순발력,순발력-손기술,0,2,4,False
모우,Easy,3-6인,15,False,심리,추리-마피아-심리,1,3,6,False
펭귄타워,Very Easy,2-6인,5,False,손기술,순발력-손기술,0,2,6,False
윙스팬 오세아니아 확장,Extreme,3인,40,False,전략,전략-전쟁-경영,5,3,3,False
레이스 포 더 갤럭시 : 뉴 프런티어,Extreme,2,60,False,전략,전략-전쟁-경영,5,2,2,False
이니스 빅박스,Extreme,2-4인,60,False,전략,전략-전쟁-경영,5,2,4,False
기도하고 일하라,ProGamer,2-3인,75,False,전략,전략-전쟁-경영,6,2,3,False
르네상스의 거장들,Very Hard,3-4인,45,False,전략,전략-전쟁-경영,4,3,4,False
딥씨크루,Hard,3-5인,20,False,트릭테이킹,전략-전쟁-경영,3,3,5,False
트랙스 사이렌 베이,Normal,2-6인,35,False,협력추리,추리-마피아-심리,2,2,6,False
커피러시 : 케이크 타임,Normal,2-4인,30,False,전략,전략-전쟁-경영,2,2,4,False
티펜탈의 선술집,Very Hard,2-4인,60,False,전략,전략-전쟁-경영,4,2,4,False
도적단의 월급날,Normal,2-4인,25,False,블러핑,경제-거래-경매-베팅,2,2,4,False
세븐원더스 듀얼 판테온,Extreme,3-5인,3,False,카드전략,카드-덱빌딩,5,3,5,False
캐터필트킹덤,Easy,2인,30,False,완구,파티-가족-미니게임,1,2,2,False
장난꾸러기 호박벌,Easy,3-5인,20,False,카드,카드-덱빌딩,1,3,5,False
왓슨&홈즈,Normal,2-5인,60,False,추리,추리-마피아-심리,2,2,5,False
배틀그라운드 런앤건,Hard,3-6인,20,False,주사위전략,주사위,3,3,6,False
배틀그라운드 하이파이브,Very Easy,2-5인,15,False,세트컬렉션,전략-전쟁-경영,0,2,5,False
리얼리,Easy,3-6인,30,False,공감파티,단어-퀴즈-숫자-지식,1,3,6,False
시티체이스,Normal,2-4인,20,False,추리,추리-마피아-심리,2,2,4,False
클루 이스케이프,Normal,2-6인,60,False,방탈출,추리-마피아-심리,2,2,6,False
스팀업,Hard,3-5인,40,False,전략,전략-전쟁-경영,3,3,5,False
바이더북,Easy,2인,15,False,퍼즐,퍼즐-로직-코딩,1,2,2,False
디텍티브 모던크라임 시즌 1,Normal,2-5인,90,False,범죄추리,추리-마피아-심리,2,2,5,False
사건의 재구성 레드뷰,Hard,2-4인,45,False,추리,추리-마피아-심리,3,2,4,False
사건의 재구성 1400,Hard,02-04,45,False,추리,추리-마피아-심리,3,2,4,False
사건의 재구성 느와르,Hard,2-4인,45,False,추리,추리-마피아-심리,3,2,4,False
패치워크 조각보,Hard,2인,25,False,전략퍼즐,전략-전쟁-경영,3,2,2,False
미크로마크로 : 크라임 시티 올인,Normal,1-3인,30,False,협동추리,협력-팀플레이,2,1,3,False
이스케이프 덱 엘도라도의 미스터리,Normal,2-6인,40,False,방탈출,추리-마피아-심리,2,2,6,False
토피어리,Normal,2-4인,20,False,추상전략,추리-마피아-심리,2,2,4,False
어드벤처 공포의 지하감옥,Hard,1-4인,90,False,퍼즐,퍼즐-로직-코딩,3,1,4,False
어드벤처 모노크롬 주식회사,Hard,2-4인,45,False,방탈출,추리-마피아-심리,3,2,4,False
리틀타운,Normal,2-4인,45,False,마을짓기,전략-전쟁-경영,2,2,4,False
점핑 다이스,Very Easy,2-4인,15,False,주사위조합,주사위,0,2,4,False
스카이팀 난기류,Normal,2인,20,False,주사위협력,주사위,2,2,2,False
페어리 타일,Very Easy,2-4인,30,False,이야기,모험-RPG-스토리텔링,0,2,4,False
글래스 로드,Very Hard,2인,60,False,전략,전략-전쟁-경영,4,2,2,False
과일섬 타이쿤,Easy,2인,20,False,과일농사,전략-전쟁-경영,1,2,2,False
도쿄 하이웨이 무지개도시,Easy,2-4인,40,False,길연결,기억력-암기,1,2,4,False
퀴즈위즈,Easy,2-5인,20,False,협력퀴즈,협력-팀플레이,1,2,5,False
포켓 디텍티브 2,Hard,2-4인,45,False,추리,추리-마피아-심리,3,2,4,False
인사이더,Normal,4-6인,15,False,단어,단어-퀴즈-숫자-지식,2,4,6,False
사이드,ProGamer,3-5인,100,False,영향력전략,파티-가족-미니게임,6,3,5,False
어센션,Hard,2-4인,60,False,덱빌딩,카드-덱빌딩,3,2,4,False
롤 포더 갤럭시,Extreme,3-4인,45,False,전략,전략-전쟁-경영,5,3,4,False
에이언즈 엔드,Very Hard,2인,60,False,덱빌딩,카드-덱빌딩,4,2,2,False
루트,Extreme,4인,60,False,전략전쟁,전략-전쟁-경영,5,4,4,False
클래시오브덱스,Normal,2인,30,False,카드전략,카드-덱빌딩,2,2,2,False
오마이굿즈,Hard,2-4인,30,False,전략카드,전략-전쟁-경영,3,2,4,False
트릭의 달인,Normal,3-5인,45,False,트릭테이킹,전략-전쟁-경영,2,3,5,False
와일드 웨스트 호텔,Normal,4-6인,20,False,마피아,추리-마피아-심리,2,4,6,False
포켓몬 칩스,Easy,3-5인,30,False,세트컬렉션,전략-전쟁-경영,1,3,5,False
메롱메롱 캔디독,Easy,2-4인,15,False,기억력복불복,기억력-암기,1,2,4,False
두들대시,Very Easy,4-7인,20,False,그림그리기,그림,0,4,7,False
달밤의 베개싸움,Easy,3-6인,15,False,파티,파티-가족-미니게임,1,3,6,False
블랙프라이데이,Hard,3-4인,45,False,주식,경제-거래-경매-베팅,3,3,4,False
야채주식,Normal,4,15,False,주식,경제-거래-경매-베팅,2,4,4,False
드래곤 아일랜드,Very Easy,2-4인,90,False,주사위운빨,주사위,0,2,4,False
브라스 : 버밍엄,ProGamer,2-4인,60,False,전략,전략-전쟁-경영,6,2,4,False
주플,Easy,3-4인,30,False,손기술,순발력-손기술,1,3,4,False
캘리코,Normal,2-4인,30,False,타일배치,퍼즐-로직-코딩,2,2,4,False
할리갈리 링엘딩,Very Easy,2-6인,15,False,손기술,순발력-손기술,0,2,6,False
바둑,Normal,2인,30,False,추상전략,추리-마피아-심리,2,2,2,False
하모니즈,Hard,2-3인,45,False,동물퍼즐,퍼즐-로직-코딩,3,2,3,False
버거가버거워,Easy,2-6인,15,False,쌓기,파티-가족-미니게임,1,2,6,False
클루 해리포터,Hard,3-5인,30,False,추리,추리-마피아-심리,3,3,5,False
타코 백 고트 치즈 피자,Easy,2-6인,10,False,순발력,순발력-손기술,1,2,6,False
센추리 : 골렘 에디션,Hard,2-5인,40,False,카드전략,카드-덱빌딩,3,2,5,False
미스터리 하우스,Normal,2-5인,60,False,추리,추리-마피아-심리,2,2,5,False
메모리게임 픽사,Very Easy,2-4인,10,False,기억력,기억력-암기,0,2,4,False
듄 임페리움 봉기,Extreme,2-6인,90,False,전략,전략-전쟁-경영,5,2,6,False
클러스터 듀오,Very Easy,2인,15,False,손기술,순발력-손기술,0,2,2,False
스마트10,Easy,3-6인,30,False,퀴즈,단어-퀴즈-숫자-지식,1,3,6,False
아컴호러 카드게임 개정판,Extreme,2인,90,False,모험RPG,모험-RPG-스토리텔링,5,2,2,False
타코야키 마스터,Very Easy,2-4인,20,False,손기술,순발력-손기술,0,2,4,False
미니빌 2,Hard,2-5인,30,False,카드건설,카드-덱빌딩,3,2,5,False
모두의마블 클래식,Normal,2-4인,45,False,주사위,주사위,2,2,4,False
오리지널 마피아,Hard,6-12인,40,False,마피아,추리-마피아-심리,3,6,12,False
하이브 콤팩트,Easy,2인,20,False,추상전략,추리-마피아-심리,1,2,2,False
카나가와,Hard,3-4인,45,False,카드영향력,카드-덱빌딩,3,3,4,False
착한녀석들,Hard,5-8인,50,False,카드게임,카드-덱빌딩,3,5,8,False
콩코르디아,Very Hard,2-5인,90,False,전략게임,전략-전쟁-경영,4,2,5,False
황금의 땅 엘도라도,Hard,2-4인,45,False,덱빌딩경주,카드-덱빌딩,3,2,4,False
블랙 스토리즈 : 폭망한 사건들,Easy,2-99인,20,False,미스터리,추리-마피아-심리,1,2,99,False
브리스톨 1350,Hard,6-8인,30,False,마피아,추리-마피아-심리,3,6,8,False
5분 미스터리,Normal,1-4인,5,False,협력추리,추리-마피아-심리,2,1,4,False
스카우트,Normal,3-5인,15,False,카드전략,카드-덱빌딩,2,3,5,False
이스케이프 룸 : 더 게임,Normal,3-5인,60,False,방탈출,추리-마피아-심리,2,3,5,False
그레이트 킹덤,Normal,2인,20,False,추상전략,추리-마피아-심리,2,2,2,False
아르낙의 잊혀진 유적,ProGamer,3인,120,False,전략,전략-전쟁-경영,6,3,3,False
치킨차차 숨바꼭질,Easy,2-5인,20,False,기억력,기억력-암기,1,2,5,False
오토배틀 챌린저스,Very Hard,4-8인,45,False,덱빌딩,카드-덱빌딩,4,4,8,False
우당탕탕 레스토랑,Very Easy,2-4인,10,False,복불복,파티-가족-미니게임,0,2,4,False
수상한 생선들,Very Easy,5-8인,30,False,파티,파티-가족-미니게임,0,5,8,False
데굴데굴 강아지경주,Very Easy,2인,5,False,순발력,순발력-손기술,0,2,2,False
이스케이프 룸 : 패밀리,Normal,3-5인,60,False,방탈출,추리-마피아-심리,2,3,5,False
셜록 파일즈,Normal,2-8인,40,False,추리,추리-마피아-심리,2,2,8,False
아슬아슬 피자,Very Easy,2-4인,10,False,손기술,순발력-손기술,0,2,4,False
나나,Easy,3-6인,15,False,카드,카드-덱빌딩,1,3,6,False
베일오브이터니티,Hard,2-4인,45,False,엔진빌딩,전략-전쟁-경영,3,2,4,False
이스케이프 룸 비상사태,Normal,3-5인,60,False,방탈출,추리-마피아-심리,2,3,5,False
이스케이프 룸 미니,Normal,2인,60,False,방탈출,추리-마피아-심리,2,2,2,False
글룸헤이븐 사자의 턱,ProGamer,2-4인,60,False,협동RPG,협력-팀플레이,6,2,4,False
수목원,Normal,2-4인,30,False,카드,카드-덱빌딩,2,2,4,False
인필트레이터,Hard,2-4인,30,False,추리협력,협력-팀플레이,3,2,4,False
딕싯 : 백일몽,Normal,4-6인,20,False,그림연상,그림,2,4,6,False
나빗길,Normal,2-4인,30,False,타일놓기,퍼즐-로직-코딩,2,2,4,False
뒤죽박죽 서커스 산리오,Easy,2-4인,15,False,손기술,순발력-손기술,1,2,4,False
벨라티,Normal,3-7인,30,False,협력,협력-팀플레이,2,3,7,False
오딘,Normal,2-6인,15,False,카드,카드-덱빌딩,2,2,6,False
스플릿츠,Normal,2-4인,20,False,카드,카드-덱빌딩,2,2,4,False
캐치더넘버,Easy,2-4인,20,False,숫자추리,단어-퀴즈-숫자-지식,1,2,4,False
암영전,Hard,2-4인,30,False,카드전략,카드-덱빌딩,3,2,4,False
포켓 디텍티브 3,Hard,2-4인,45,False,추리,추리-마피아-심리,3,2,4,False
비얌비얌,Normal,5-8인,20,False,마피아,추리-마피아-심리,2,5,8,False
셜록13 브레드이발소,Normal,2-4인,15,False,소거추리,추리-마피아-심리,2,2,4,False
뷔페마스터,Easy,2-5인,15,False,손기술,순발력-손기술,1,2,5,False
10일간의 미국여행,Normal,2-4인,30,False,세트컬렉션,전략-전쟁-경영,2,2,4,False
10일간의 유럽여행,Normal,2-4인,30,False,세트컬렉션,전략-전쟁-경영,2,2,4,False
아이스쿨,Easy,2-4인,30,False,알까기,경주-스포츠,1,2,4,False
우봉고 미니 포켓몬,Easy,2-4인,10,False,퍼즐조합,퍼즐-로직-코딩,1,2,4,False
파러웨이,Normal,2-5인,20,False,세트컬렉션,전략-전쟁-경영,2,2,5,False
파머스마켓,Normal,2-4인,20,False,카드전략,카드-덱빌딩,2,2,4,False
딕싯 디즈니,Normal,04-06,30,False,그림연상,그림,2,4,6,False
인피니티 건틀렛,Normal,4-5인,15,False,카드추론,카드-덱빌딩,2,4,5,False
파라메딕스 클리어,Hard,2-5인,30,False,실시간카드,카드-덱빌딩,3,2,5,False
안도르의 전설,Very Hard,2-4인,60,False,RPG,모험-RPG-스토리텔링,4,2,4,False
팬데믹 벼랑 끝에서,Extreme,2-4인,45,False,협력,협력-팀플레이,5,2,4,False
트레킹 역사 속으로,Hard,2-4인,30,False,세트컬렉션,전략-전쟁-경영,3,2,4,False
인지니어스,Normal,2-4인,45,False,타일놓기,퍼즐-로직-코딩,2,2,4,False
투키,Easy,2-3인,30,False,타일퍼즐,퍼즐-로직-코딩,1,2,3,False
트리올렛,Easy,2-4인,30,False,숫자조합,단어-퀴즈-숫자-지식,1,2,4,False
리스본 28번 트램,Hard,2-4인,45,False,철도운영,경제-거래-경매-베팅,3,2,4,False
아줄 신트라의 스테인드 글라스,Hard,2-4인,30,False,타일놓기,퍼즐-로직-코딩,3,2,4,False
메디컬 미스터리 뉴욕 응급실,Hard,2-4인,45,False,추리,추리-마피아-심리,3,2,4,False
가이아 프로젝트,ProGamer,2-4인,120,False,전략,전략-전쟁-경영,6,2,4,False
테러스케이프,Very Hard,2-4인,45,False,추격,추리-마피아-심리,4,2,4,False
네메시스,ProGamer,1-5인,120,False,전략,전략-전쟁-경영,6,1,5,False
히트 질주의 열기,Very Hard,1-6인,45,False,레이싱,경주-스포츠,4,1,6,False
이스케이프 룸 과학자의 비밀,Normal,2인,150,False,퍼즐,퍼즐-로직-코딩,2,2,2,False
이스케이프 룸 2,Normal,3-5인,60,False,방탈출,추리-마피아-심리,2,3,5,False
캔버스,Normal,3-4인,30,False,그림조합,그림,2,3,4,False
왓 이프 마이 라이프,Easy,2-4인,30,False,주사위,주사위,1,2,4,False
트윈잇,Easy,2-6인,10,False,순발력,순발력-손기술,1,2,6,False
캣 크라임,Easy,1인,15,False,논리퍼즐,퍼즐-로직-코딩,1,1,1,False
다섯 부족 : 나칼라의 장인들,ProGamer,2-4인,60,False,전략,전략-전쟁-경영,6,2,4,False
월드 원더스,Very Hard,2-4인,60,False,전략문명,전략-전쟁-경영,4,2,4,False
별의소원,Hard,3-4인,25,False,트릭테이킹,전략-전쟁-경영,3,3,4,False
인사이드잡,Normal,3-5인,30,False,카드전략,카드-덱빌딩,2,3,5,False
루빅스 플립,Very Easy,2인,10,False,퍼즐,퍼즐-로직-코딩,0,2,2,False
루나랜딩,Very Easy,1-2인,10,False,퍼즐,퍼즐-로직-코딩,0,1,2,False
투카나 여행길,Easy,3-5인,15,False,길연결,기억력-암기,1,3,5,False
아줄 왕비의 정원,Hard,2-4인,45,False,세트모으기,전략-전쟁-경영,3,2,4,False
리버 크로싱 강건너기 판자퍼즐,Very Easy,2인,10,False,길연결,기억력-암기,0,2,2,False
언더워터 항해기,Easy,3-6인,20,False,주사위,주사위,1,3,6,False
이베리아,Extreme,2-4인,45,False,협동,협력-팀플레이,5,2,4,False
이스케이프 룸 미니 술탄의 단검 바이킹 장례식,Hard,2인,60,False,방탈출,추리-마피아-심리,3,2,2,False
레이스 포 더 갤럭시,Extreme,2-4인,50,False,전략,전략-전쟁-경영,5,2,4,False
보석찾기 듀얼,Very Easy,2인,15,False,위치추리,추리-마피아-심리,0,2,2,False
구십구 곰돌이 푸,Very Easy,2-10인,20,False,숫자연산,단어-퀴즈-숫자-지식,0,2,10,False
스포트라이트,Easy,2-3인,15,False,숨은그림찾기,파티-가족-미니게임,1,2,3,False
티켓 투 라이드 한국 이베리아,Normal,2-5인,45,False,기차길연결,기억력-암기,2,2,5,False
베티보터 보우트 썸 버터,Very Easy,2-6인,15,False,예능,파티-가족-미니게임,0,2,6,False
오버부킹,Normal,2-4인,30,False,심리,추리-마피아-심리,2,2,4,False
뒤집어줘 캡틴,Easy,2-5인,20,False,배치,공간전략,1,2,5,False
포레스트 셔플,Normal,2-4인,50,False,카드전략,카드-덱빌딩,2,2,4,False
티켓 투 라이드 유령열차,Easy,2-4인,20,False,기차길연결,기억력-암기,1,2,4,False
하체도 하셔야죠,Easy,3-6인,20,False,세트모으기,전략-전쟁-경영,1,3,6,False
정고,Very Easy,3-5인,15,False,카드관리,카드-덱빌딩,0,3,5,False
백로성,Very Hard,3인,80,False,전략,전략-전쟁-경영,4,3,3,False
아컴호러 러브크레프트 레터,Normal,4인,30,False,카드추론,카드-덱빌딩,2,4,4,False
가문의 왕관,Normal,3-5인,30,False,협상,전략-전쟁-경영,2,3,5,False
히트 폭우를 뚫고,Hard,2-7인,60,False,레이싱,경주-스포츠,3,2,7,False
아컴 미스터리,Hard,2-5인,60,False,추리,추리-마피아-심리,3,2,5,False
종이와 바다,Normal,2-4인,30,False,카드전략,카드-덱빌딩,2,2,4,False
카이트,Easy,4인,10,False,시간제한,파티-가족-미니게임,1,4,4,False
오이 다섯개,Normal,3-6인,25,False,카드관리,카드-덱빌딩,2,3,6,False
팔레오,Hard,2-3인,60,False,전략,전략-전쟁-경영,3,2,3,False
엑시스 얼라이즈 1942,Extreme,5인,240,False,전쟁,전략-전쟁-경영,5,5,5,False
텐페니 파크,Hard,2-4인,60,False,전략,전략-전쟁-경영,3,2,4,False
시티즈,Hard,4인,30,False,도시건설,전략-전쟁-경영,3,4,4,False
람세스,Easy,2-5인,30,False,기억력,기억력-암기,1,2,5,False
스타워즈 리벨리온,ProGamer,2-4인,180,False,미니어처,파티-가족-미니게임,6,2,4,False
타임라인 트위스트 팝컬처,Easy,2-3인,30,False,협력,협력-팀플레이,1,2,3,False
포인트 샐러드,Easy,2-5인,30,False,세트컬렉션,전략-전쟁-경영,1,2,5,False
사이드퀘스트 네메시스,Normal,2인,90,False,협력모험,협력-팀플레이,2,2,2,False
사이드퀘스트 일곱번째바다,Normal,2-3인,90,False,협력모험,협력-팀플레이,2,2,3,False
이지컴 이지고,Easy,2-4인,30,False,주사위운빨,주사위,1,2,4,False
스위시,Easy,2-4인,10,False,카드퍼즐,카드-덱빌딩,1,2,4,False
가지각새,Easy,2-5인,20,False,카드관리,카드-덱빌딩,1,2,5,False
돌팔이약장수 대결,Hard,2인,45,False,운빨덱빌딩,파티-가족-미니게임,3,2,2,False
마음의 실타래,Very Easy,3-8인,10,False,공감파티,단어-퀴즈-숫자-지식,0,3,8,False
밀리메모리,Very Easy,2-6인,15,False,감각퍼즐,퍼즐-로직-코딩,0,2,6,False
도르프 로만틱,Normal,2-3인,45,False,영역만들기,전략-전쟁-경영,2,2,3,False
템플 코드,Normal,2-4인,30,False,추리경쟁,추리-마피아-심리,2,2,4,False
젤리러시,Easy,3-5인,30,False,스피드퍼즐,파티-가족-미니게임,1,3,5,False
데이브레이크,Extreme,2-4인,90,False,협력전략,협력-팀플레이,5,2,4,False
용스팬,Extreme,2-4인,90,False,전략,전략-전쟁-경영,5,2,4,False
브라스 랭커셔,Extreme,2-4인,90,False,전략,전략-전쟁-경영,5,2,4,False
롤 플레이어,Hard,2-4인,60,False,전략,전략-전쟁-경영,3,2,4,False
레즈 아르카나,Hard,2-4인,45,False,전략,전략-전쟁-경영,3,2,4,False
세븐원더스 건축가들,Easy,2-7인,25,False,세트컬렉션,전략-전쟁-경영,1,2,7,False
미지의 행성,Hard,2-6인,60,False,전략,전략-전쟁-경영,3,2,6,False
서머너 워즈 스타터 세트,Hard,2인,50,False,카드전략,카드-덱빌딩,3,2,2,False
드라큘라 vs 반헬싱,Normal,2인,30,False,카드전략,카드-덱빌딩,2,2,2,False
토카이도 (10주년 기념판),Normal,2-5인,45,False,여행,모험-RPG-스토리텔링,2,2,5,False
행성 X를 찾아서,Hard,2-4인,60,False,전략추리,전략-전쟁-경영,3,2,4,False
블랙아웃 홍콩,Extreme,2-4인,75,False,전략,전략-전쟁-경영,5,2,4,False
비티컬쳐,Very Hard,2-5인,60,False,전략,전략-전쟁-경영,4,2,5,False
마블 유나이티드,Normal,2-4인,40,False,미니어처전투,전략-전쟁-경영,2,2,4,False
피나콜라다이스,Easy,2-4인,20,False,주사위빙고,주사위,1,2,4,False
스파이더 팡팡,Very Easy,2-4인,10,False,손기술,순발력-손기술,0,2,4,False
팔딱팔딱 생선가게,Easy,2-6인,15,False,협력,협력-팀플레이,1,2,6,False
드래프토사우르스,Easy,2-5인,15,False,세트컬렉션,전략-전쟁-경영,1,2,5,False
만칼라,Easy,2인,10,False,추상전략,추리-마피아-심리,1,2,2,False
어사일럼 이스케이프,Very Hard,1-3인,60,False,방탈출,추리-마피아-심리,4,1,3,False
우리결혼했어요,Very Easy,2인,20,False,대화,모험-RPG-스토리텔링,0,2,2,False
데굴데굴 감자전하,Easy,3- 7인,10,False,운빨주사위,파티-가족-미니게임,1,3,7,False
미션 모자이크,Very Easy,4-8인,20,False,그림,그림,0,4,8,False
백로성 말차,Very Hard,2,80,False,전략,전략-전쟁-경영,4,2,2,False
컨티뉴오,Easy,2-4인,20,False,추상전략,추리-마피아-심리,1,2,4,False
사운드 박스,Very Easy,4-7인,30,False,협력파티,협력-팀플레이,0,4,7,False
레지스탕스 아발론 : 진행영상,Very Hard,6-10인,40,True,마피아,추리-마피아-심리,4,6,10,False
피아이,Very Hard,2-5인,40,True,범죄추리,추리-마피아-심리,4,2,5,False
병사들의귀향,Extreme,3-5인,30,False,전쟁협력,전략-전쟁-경영,5,3,5,False
알함브라,Very Hard,2-6인,60,False,타일전략,퍼즐-로직-코딩,4,2,6,False
연금술아카데미,ProGamer,2-4인,90,False,전략,전략-전쟁-경영,6,2,4,False
카르카손:시장과수도원,Hard,2-6인,30,False,타일전략,퍼즐-로직-코딩,3,2,6,False
카베르나,ProGamer,2-7인,120,False,농사전략,전략-전쟁-경영,6,2,7,False
탑페이스,Very Easy,3-8인,20,False,표정흉내,파티-가족-미니게임,0,3,8,False
팬데믹 레거시 시즌 1,ProGamer,2-4인,120,False,치료협력,협력-팀플레이,6,2,4,False
피치카,Very Easy,2-8인,20,False,손기술,순발력-손기술,0,2,8,False
레인보우35,Easy,2-5인,20,True,순발력,순발력-손기술,1,2,5,False
쓰루디에이지스,ProGamer,2-4인,240,False,전략,전략-전쟁-경영,6,2,4,False
너도나도,Easy,3-12인,20,True,공감파티,단어-퀴즈-숫자-지식,1,3,12,False
벤처엔젤스,Normal,4-5인,20,False,투자,경제-거래-경매-베팅,2,4,5,False
라티스,Hard,2-4인,30,False,손털기,순발력-손기술,3,2,4,False
요기,Very Easy,3-6인,20,False,손기술,순발력-손기술,0,3,6,False
바바야가,Very Hard,3-4인,15,False,숫자,단어-퀴즈-숫자-지식,4,3,4,False
뮤즈,Easy,6인,20,False,이야기,모험-RPG-스토리텔링,1,6,6,False
동물왕 와일드 사파리,Easy,4-5인,30,False,심리전략,추리-마피아-심리,1,4,5,False
고블렛,Easy,2인,20,False,추상전략,추리-마피아-심리,1,2,2,False
꿀벌 어택,Very Easy,2인,5,False,손기술,순발력-손기술,0,2,2,False
넘버9,Normal,3인,20,False,타일전략,퍼즐-로직-코딩,2,3,3,False
바퀴벌레 대소동,Very Easy,2-4인,15,False,주사위,주사위,0,2,4,False
아키텍추라,Normal,2-4인,40,False,카드전략,카드-덱빌딩,2,2,4,False
다크호스,Normal,4-6인,30,False,카드게임,카드-덱빌딩,2,4,6,False
파이어니어 데이즈,Extreme,3-4인,100,False,주사위드래프트,주사위,5,3,4,False
글룩스,Easy,3-4인,40,False,타일놓기,퍼즐-로직-코딩,1,3,4,False
도미니언 : 길드를 위하여,Extreme,2-4인,30,False,덱빌딩,카드-덱빌딩,5,2,4,False
이스탄불 : 브리프 앤 시겔,ProGamer,2-5인,50,False,전략,전략-전쟁-경영,6,2,5,False
크루세이더,Very Hard,2-4인,60,False,만칼라전략,추리-마피아-심리,4,2,4,False
크리드,Very Hard,"2,4인",45,False,전술대전,전략-전쟁-경영,4,2,4,False
타이니 타운,Hard,3-6인,45,False,마을꾸미기,전략-전쟁-경영,3,3,6,False
윙크,Easy,4-8인,20,False,눈치게임,순발력-손기술,1,4,8,False
베런파크,Normal,2-4인,30,False,타일놓기,퍼즐-로직-코딩,2,2,4,False
크툴루 : 죽음마저 죽으리니,Very Hard,3-5인,100,False,던전크롤러,모험-RPG-스토리텔링,4,3,5,False
시즌스,Extreme,2-4인,60,False,덱빌딩,카드-덱빌딩,5,2,4,False
포가튼 워터스,Very Hard,3-7인,100,False,협력,협력-팀플레이,4,3,7,False
컬러 오브 파리,Very Hard,2-4인,40,False,일꾼놓기,전략-전쟁-경영,4,2,4,False
스몰월드,Very Hard,2-5인,40,False,땅따먹기,경주-스포츠,4,2,5,False
지킬박사와 하이드,Very Hard,4인,70,False,트릭테이킹,전략-전쟁-경영,4,4,4,False
해저탐험,Normal,3-6인,30,False,눈치게임,순발력-손기술,2,3,6,False
알케미스트,ProGamer,2-4인,120,False,전략,전략-전쟁-경영,6,2,4,False
쏘 클로버,Easy,3-6인,30,False,단어협동,단어-퀴즈-숫자-지식,1,3,6,False
크레이지 타임,Normal,4-8인,30,False,순발력,순발력-손기술,2,4,8,False
붑,Easy,2인,30,False,추상전략,추리-마피아-심리,1,2,2,False
퀘스트,Hard,6-8인,30,False,마피아,추리-마피아-심리,3,6,8,False
피드 더 크라켄,Very Hard,6-11인,90,False,마피아역할,추리-마피아-심리,4,6,11,False
보틀임프,Normal,3인,30,False,트릭테이킹,전략-전쟁-경영,2,3,3,False
럭키넘버스,Very Easy,2-4인,20,False,타일배치,퍼즐-로직-코딩,0,2,4,False
픽피크닉,Easy,4-6인,20,False,눈치주사위,순발력-손기술,1,4,6,False
달빛아래에서수를,Normal,2인,20,False,추상전략,추리-마피아-심리,2,2,2,False
웰컴 투...,Hard,4-8인,30,False,파티,파티-가족-미니게임,3,4,8,False
섀도우 레이더스,Normal,4-8인,60,False,마피아,추리-마피아-심리,2,4,8,False
쿵쿵쿵 코끼리 해적단,Easy,2-4인,15,False,손기술,순발력-손기술,1,2,4,False
나초가 큰일나초,Easy,2-6인,10,False,손기술,순발력-손기술,1,2,6,False
돌팔이 약장수 허브마녀,Hard,4인,45,False,운빨덱빌딩,파티-가족-미니게임,3,4,4,False
크라스 카리어트,Normal,3-4인,30,False,손털기,순발력-손기술,2,3,4,False
캣 레이디,Normal,2-4인,25,False,카드,카드-덱빌딩,2,2,4,False
문명의 시대,Hard,2-4인,30,False,카드전략,카드-덱빌딩,3,2,4,False
몽키블록,Very Easy,2-8인,10,False,손기술,순발력-손기술,0,2,8,False
냥자역학연구소,Normal,2-6인,25,False,심리,추리-마피아-심리,2,2,6,False
라타,Hard,2-4인,30,False,카드전략,카드-덱빌딩,3,2,4,False
1%의 기적,Very Easy,2-6인,20,False,운빨,파티-가족-미니게임,0,2,6,False
모조,Easy,2-5인,30,False,파티,파티-가족-미니게임,1,2,5,False
꽁냥꽁냥,Easy,2-4인,20,False,복불복,파티-가족-미니게임,1,2,4,False
요람에서 무덤까지,Easy,3-5인,30,False,카드,카드-덱빌딩,1,3,5,False
레드7,Easy,2-4인,15,False,카드,카드-덱빌딩,1,2,4,False
실리카우,Easy,3-6인,25,False,카드,카드-덱빌딩,1,3,6,False
푸시피시,Normal,3-4인,30,False,손기술,순발력-손기술,2,3,4,False
크레이지타워,Easy,1-4인,15,False,손기술,순발력-손기술,1,1,4,False
버스노선을 만들자,Normal,2-4인,20,False,퍼즐,퍼즐-로직-코딩,2,2,4,False
숲속의 여우,Normal,2인,20,False,카드전략,카드-덱빌딩,2,2,2,False
도전 스피드 10,Easy,2-8인,40,False,퀴즈,단어-퀴즈-숫자-지식,1,2,8,False
갱스터스 딜레마,Hard,4-7인,30,False,심리,추리-마피아-심리,3,4,7,False
카론의포커,Hard,3-5인,20,False,카드,카드-덱빌딩,3,3,5,False
라마,Easy,3-6인,20,False,카드,카드-덱빌딩,1,3,6,False
리빙 포레스트,Hard,2-4인,40,False,전략,전략-전쟁-경영,3,2,4,False
항해,Very Hard,2인,20,False,협력,협력-팀플레이,4,2,2,False
범인은 춤춘다,Normal,4-7인,10,False,파티,파티-가족-미니게임,2,4,7,False
마운틴 고트,Easy,2-4인,20,False,주사위,주사위,1,2,4,False
요호호 해적 고양이,Easy,3-5인,15,False,허풍,추리-마피아-심리,1,3,5,False
반지의 제왕 가운데땅 여정,Hard,2-4인,90,False,전략,전략-전쟁-경영,3,2,4,False
맨덤의 던전,Normal,3-4인,20,False,카드심리,카드-덱빌딩,2,3,4,False
알에코,Normal,2-5인,20,False,가족게임,협력-팀플레이,2,2,5,False
타임라인,Easy,2-8인,15,True,지식대결,파티-가족-미니게임,1,2,8,False
히트망가,Easy,3-10인,20,False,표현력,파티-가족-미니게임,1,3,10,False
마르코폴로의 발자취,ProGamer,2-4인,100,False,전략,전략-전쟁-경영,6,2,4,False
만약카드 황당무계,Very Easy,2-4인,30,False,대화,모험-RPG-스토리텔링,0,2,4,False
빙글뱅글 보물선털기,Very Easy,2-4인,10,False,순발력,순발력-손기술,0,2,4,False
EXIT 파라오의 무덤,Normal,2-4인,60,False,방탈출,추리-마피아-심리,2,2,4,False
EXIT 버려진 오두막,Normal,2-4인,60,False,방탈출,추리-마피아-심리,2,2,4,False
EXIT 연구실의 비밀,Normal,2-4인,60,False,방탈출,추리-마피아-심리,2,2,4,False
체리피킹,Easy,3-6인,30,False,눈치전략,순발력-손기술,1,3,6,False
텀플,Very Easy,3-6인,15,True,손기술,순발력-손기술,0,3,6,False
쓰레기 수거일,Easy,4-5인,25,False,손기술,순발력-손기술,1,4,5,False
레이저장기,Normal,2인,20,False,추상전략,추리-마피아-심리,2,2,2,False
불독룰렛,Very Easy,2-5인,5,False,복불복,파티-가족-미니게임,0,2,5,False
젬블로미니,Easy,1-2인,20,True,도형전략,전략-전쟁-경영,1,1,2,False
타코 피카츄 파이리 꼬부기 이상해씨,Very Easy,4-6인,30,False,순발력,순발력-손기술,0,4,6,False
플라잉 응가,Very Easy,2-4인,10,False,손기술,순발력-손기술,0,2,4,False
픽미롤미 김밥 마스터,Easy,2인,20,False,순발력,순발력-손기술,1,2,2,False
동물 메모리게임,Very Easy,2-4인,10,False,기억력,기억력-암기,0,2,4,False
콜트익스프레스,Hard,3-6인,30,False,카드전략,카드-덱빌딩,3,3,6,False
브룸서비스,Very Easy,4인,60,False,카드전략,카드-덱빌딩,0,4,4,False
클랜 오브 칼레도니아,ProGamer,2-4인,120,False,영향력전략,파티-가족-미니게임,6,2,4,False
미플서커스,Extreme,3-5인,45,False,손기술,순발력-손기술,5,3,5,False
삼국살,Very Hard,7인,40,False,카드,카드-덱빌딩,4,7,7,False
듀플릭,Normal,4-7인,45,False,그림그리기,그림,2,4,7,False
덤불속,Normal,3-4인,20,False,추리심리,추리-마피아-심리,2,3,4,False
두 도시 사이에서,Very Hard,4-6인,20,False,타일전략,퍼즐-로직-코딩,4,4,6,False
뉴턴,ProGamer,3인,100,False,엔진빌딩,전략-전쟁-경영,6,3,3,False
메모아르,Easy,4인,20,False,기억력,기억력-암기,1,4,4,False
버펄로 체스,Easy,2인,10,False,추상전략,추리-마피아-심리,1,2,2,False
고스트헌터,Normal,3-4인,30,False,주사위협력,주사위,2,3,4,False
오징어게임,Normal,4-6인,45,False,복불복,파티-가족-미니게임,2,4,6,False
해독제,Hard,4-6인,30,False,파티협력,파티-가족-미니게임,3,4,6,False
더마인드 익스트림,Normal,2-4인,20,False,협력,협력-팀플레이,2,2,4,False
딕싯 : 기념일,Normal,4-6인,20,False,그림연상,그림,2,4,6,False
크툴루를 건드리지마 (노터치 크라켄),Normal,3-6인,30,True,마피아,추리-마피아-심리,2,3,6,False
나인 타일 패닉,Easy,4-5인,20,False,타일배치,퍼즐-로직-코딩,1,4,5,False
타쏘 바나나,Very Easy,2-4인,15,False,손기술,순발력-손기술,0,2,4,False
CID,Normal,3-7인,30,False,대화추리,추리-마피아-심리,2,3,7,False
쿠키박스 : 포켓몬,Very Easy,2-4인,10,False,순발력,순발력-손기술,0,2,4,False
포메이션,Easy,2인,10,False,추상전략,추리-마피아-심리,1,2,2,False
도블 마블,Easy,2-5인,10,True,순발력,순발력-손기술,1,2,5,False
시퀀스 해리포터,Easy,4-12인,30,False,카드,카드-덱빌딩,1,4,12,False
토스트통통,Very Easy,2-4인,15,True,순발력,순발력-손기술,0,2,4,False
푸스켓볼,Very Easy,2인,10,False,손기술,순발력-손기술,0,2,2,False
아기돼지 삼형제 퍼즐게임,Very Easy,1-4인,10,False,퍼즐,퍼즐-로직-코딩,0,1,4,False
펀치팡팡,Easy,2인,3,False,순발력,순발력-손기술,1,2,2,False
도전골든벨,Easy,2-5인,30,False,OX퀴즈,단어-퀴즈-숫자-지식,1,2,5,False
개구장이 스머프 메모리게임,Easy,2-4인,15,False,기억력,기억력-암기,1,2,4,False
스쿱스,Easy,3-6인,20,False,카드,카드-덱빌딩,1,3,6,False
오키도키 원정대,Easy,02-04,30,False,복불복,파티-가족-미니게임,1,2,4,False
레벨 10,Easy,2-4인,30,False,카드,카드-덱빌딩,1,2,4,False
태양신 라,Extreme,2-6인,60,False,경매,경제-거래-경매-베팅,5,2,6,False
크로키놀,Easy,"2,4인",30,False,알까기,경주-스포츠,1,2,4,False
테트리스,Normal,2-4인,30,False,공간전략,공간전략,2,2,4,False
엘 그란데 빅 박스,Extreme,3-5인,90,False,전략,전략-전쟁-경영,5,3,5,False
한자 토이토니카,Very Hard,3-5인,60,False,전략,전략-전쟁-경영,4,3,5,False
이야기톡,Easy,2-8인,30,False,대화,모험-RPG-스토리텔링,1,2,8,False
뱅 전설적인 무법자,Very Hard,4-8인,30,False,마피아,추리-마피아-심리,4,4,8,False
인사이더 블랙,Normal,4-8인,15,False,단어,단어-퀴즈-숫자-지식,2,4,8,False
EXIT 오리엔트 특급열차 살인사건,Normal,2-4인,60,False,방탈출,추리-마피아-심리,2,2,4,False
블루 샌드 씨사이드,Easy,2-5인,20,False,추상전략,추리-마피아-심리,1,2,5,False
언락7,Easy,2-6인,60,False,방탈출,추리-마피아-심리,1,2,6,False
서퍼사우루스 맥스,Easy,3-6인,20,False,협상,전략-전쟁-경영,1,3,6,False
모두의마블 : 테마파크,Normal,2-4인,50,False,투자경영,경제-거래-경매-베팅,2,2,4,False
브레인토피아,Easy,2-6인,15,False,기억력파티,기억력-암기,1,2,6,False
빙글빙글 개구리 먹이 주기,Very Easy,2-4인,10,False,순발력,순발력-손기술,0,2,4,False
아슬아슬 이글루,Very Easy,2-4인,15,False,손기술,순발력-손기술,0,2,4,False
우봉고 미니,Easy,2-4인,10,False,퍼즐조합,퍼즐-로직-코딩,1,2,4,False
도토리산,Very Easy,2-6인,15,False,카드,카드-덱빌딩,0,2,6,False
다 죽었DAY,Very Easy,2-5인,20,False,심리,추리-마피아-심리,0,2,5,False
퍼니버니2 (뒤죽박죽 토끼경주 2),Very Easy,2-4인,20,False,레이싱,경주-스포츠,0,2,4,False
매직 매이즈,Normal,4인,20,False,실시간협력,파티-가족-미니게임,2,4,4,False
이스케이프 테일즈 로우 메모리,Hard,1-4인,45,False,방탈출,추리-마피아-심리,3,1,4,False
스타 스크래퍼 오비탈,Hard,"2, 4인",90,False,카드전략,카드-덱빌딩,3,2,4,False
허니버즈,Very Hard,2-4인,90,False,전략,전략-전쟁-경영,4,2,4,False
비밀학교 탈출,Easy,2-4인,45,False,주사위,주사위,1,2,4,False
티켓투라이드 뉴욕,Easy,2-3인,30,False,세트컬렉션,전략-전쟁-경영,1,2,3,False
파우나,Hard,4-5인,60,False,퀴즈,단어-퀴즈-숫자-지식,3,4,5,False
야옹섬,Very Hard,3인,60,False,퍼즐,퍼즐-로직-코딩,4,3,3,False
루미큐브 마이 퍼스트,Very Easy,2-4인,30,False,타일조합,퍼즐-로직-코딩,0,2,4,False
포세일 오토라마,Normal,3-6인,30,False,경매,경제-거래-경매-베팅,2,3,6,False
빼빼로 스틱스택,Easy,2-4인,30,False,손기술,순발력-손기술,1,2,4,False
파칼,Easy,2-4인,20,False,퍼즐,퍼즐-로직-코딩,1,2,4,False
탐정VS탐정 : 박물관 도난사건!,Easy,2인,15,False,추리,추리-마피아-심리,1,2,2,False
파일업 러시,Easy,2,10,False,손기술,순발력-손기술,1,2,2,False
루미큐브 트위스트,Normal,2-4인,20,False,타일조합,퍼즐-로직-코딩,2,2,4,False
피츠,Easy,2-4인,45,False,퍼즐,퍼즐-로직-코딩,1,2,4,False
스위트 스파이시,Normal,3-6인,15,False,블러핑,경제-거래-경매-베팅,2,3,6,False
열라면,Normal,2-5인,15,False,주사위전략,주사위,2,2,5,False
밀어서 충전완료,Easy,2-4인,15,False,퍼즐,퍼즐-로직-코딩,1,2,4,False
초성게임왕,Normal,3-6인,15,False,글자퍼즐,퍼즐-로직-코딩,2,3,6,False
시밀로 해리포터,Normal,3-6인,15,False,카드,카드-덱빌딩,2,3,6,False
알까기 게임 귀멸의 칼날,Very Easy,2인,15,False,손기술,순발력-손기술,0,2,2,False
초성게임왕 경찰수사대,Normal,2-4인,30,False,글자퍼즐,퍼즐-로직-코딩,2,2,4,False
뽀로로 에어하키,Very Easy,"2,4인",10,False,순발력,순발력-손기술,0,2,4,False
빙글빙글 오리 유치원,Very Easy,2-4인,10,False,기억력,기억력-암기,0,2,4,False
상냥타로 너의 상냥한 타로점이 나를 보듬어 주었으니까,Easy,2-6인,20,False,대화,모험-RPG-스토리텔링,1,2,6,False
데인저 데인저,Normal,"2,4,6",15,False,파티,파티-가족-미니게임,2,2,6,False
라멘 라멘,Normal,2인,30,False,세트컬렉션,전략-전쟁-경영,2,2,2,False
인생역전,Easy,2-4인,60,False,주사위,주사위,1,2,4,False
스피드 낚시놀이,Very Easy,2-4인,10,False,순발력,순발력-손기술,0,2,4,False
사커월드,Very Easy,2인,10,False,손기술,순발력-손기술,0,2,2,False
올스타 농구게임,Very Easy,2인,10,False,손기술,순발력-손기술,0,2,2,False
쏙쏙 키재기 벌레,Easy,3-4인,15,False,손기술,순발력-손기술,1,3,4,False
당근뽑기,Very Easy,2인,10,False,복불복,파티-가족-미니게임,0,2,2,False
팀버튼의 크리스마스악몽,Hard,4-6인,45,False,세트컬렉션,전략-전쟁-경영,3,4,6,False
감자의 꿈,Normal,5인,150,False,머더,추리-마피아-심리,2,5,5,False
도블 360,Very Easy,3-6인,10,False,순발력,순발력-손기술,0,3,6,False
시프팅스톤,Normal,2-4인,20,False,추상전략,추리-마피아-심리,2,2,4,False
다이스 쓰론 시즌1,Normal,2,30,False,주사위전략,주사위,2,2,2,False
킹메이킹,Normal,2인,25,False,추상전략,추리-마피아-심리,2,2,2,False
서펜티나,Easy,2-5인,15,False,카드파티,카드-덱빌딩,1,2,5,False
사가니,Hard,2-4인,45,False,전략,전략-전쟁-경영,3,2,4,False
지니어스 스퀘어,Normal,2인,30,False,퍼즐,퍼즐-로직-코딩,2,2,2,False
다섯개의탑,Easy,2-5인,30,False,카드,카드-덱빌딩,1,2,5,False
두더지 게임,Easy,2인,10,False,순발력,순발력-손기술,1,2,2,False
픽처스,Easy,3-5인,30,False,그림표현,그림,1,3,5,False
푸시푸시,Easy,2-5인,25,False,운빨,파티-가족-미니게임,1,2,5,False
드래고미노,Very Easy,2-4인,15,False,배치,공간전략,0,2,4,False
눈치코치 드로잉,Very Easy,3-7인,20,False,그림퀴즈,그림,0,3,7,False
크로스 클루,Easy,2-6인,10,False,단어추리,단어-퀴즈-숫자-지식,1,2,6,False
피자의달인,Easy,2-4인,20,False,세트컬렉션,전략-전쟁-경영,1,2,4,False
텀볼,Easy,2-4인,20,False,손기술,순발력-손기술,1,2,4,False
두부왕국,Normal,3-8인,10,False,마피아,추리-마피아-심리,2,3,8,False
폭탄돌리기 끝말잇기,Normal,3-8인,10,False,복불복,파티-가족-미니게임,2,3,8,False
뚫어뻥게임,Easy,2-6인,15,False,복불복,파티-가족-미니게임,1,2,6,False
스릴만점 탑쌓기,Very Easy,2-4인,20,False,손기술,순발력-손기술,0,2,4,False
모노폴리 슈퍼마리오 더무비,Normal,2-6인,120,False,투자경영,경제-거래-경매-베팅,2,2,6,False
9회말 2아웃,Very Easy,"2,4,6인",30,False,야구,경주-스포츠,0,2,6,False
탈출모래늪,Easy,2-4인,15,False,복불복,파티-가족-미니게임,1,2,4,False
날아라 감자튀김,Very Easy,2-6인,10,False,복불복,파티-가족-미니게임,0,2,6,False
체어킹,Normal,2-4인,30,False,경영,경제-거래-경매-베팅,2,2,4,False
팡팡 팝콘 게임,Very Easy,2-4인,10,False,손기술,순발력-손기술,0,2,4,False
나인 나이츠,Normal,2인,20,False,추상전략,추리-마피아-심리,2,2,2,False
킹스 크라운,Normal,2인,30,False,추상전략,추리-마피아-심리,2,2,2,False
글룸헤이븐,ProGamer,2-4인,90,False,전략,전략-전쟁-경영,6,2,4,False
출동 퍼즐 챌린지,Very Easy,2인,10,False,퍼즐,퍼즐-로직-코딩,0,2,2,False
팬데믹 레거시 시즌 2,Very Hard,2-4인,60,False,질병퇴치,모험-RPG-스토리텔링,4,2,4,False
팬데믹 리거시 시즌 0,Very Hard,2-4인,50,False,질병퇴치,모험-RPG-스토리텔링,4,2,4,False
가이아 프로젝트 잃어버린 함대,ProGamer,2-4인,120,False,전략,전략-전쟁-경영,6,2,4,False
글룸헤이븐 잊힌 비술,Very Easy,2-4인,90,False,협동,협력-팀플레이,0,2,4,False
크리처 컴포트,Very Hard,2-5인,45,False,전략,전략-전쟁-경영,4,2,5,False
스포츠 스태킹,Very Easy,2인,10,False,손기술,순발력-손기술,0,2,2,False
픽미업,Very Easy,2-4인,10,False,순발력,순발력-손기술,0,2,4,False
푸시어몬스터,Easy,2-4인,30,False,손기술,순발력-손기술,1,2,4,False
야옹이가 돌돌돌,Very Easy,2-4인,30,False,평면코딩,퍼즐-로직-코딩,0,2,4,False
둔황의 상인,Hard,2-4인,25,False,무역,모험-RPG-스토리텔링,3,2,4,False
더헌트 반가라,Hard,2-4인,30,False,전략,전략-전쟁-경영,3,2,4,False
도블 산리오 캐릭터즈,Easy,2-8인,10,True,순발력,순발력-손기술,1,2,8,False
빼빼로 팝팝,Very Easy,2-7인,5,False,복불복,파티-가족-미니게임,0,2,7,False
핏츠,Very Easy,1-4인,45,False,퍼즐,퍼즐-로직-코딩,0,1,4,False
언더다크의 폭군들,ProGamer,2-4인,90,False,전략,전략-전쟁-경영,6,2,4,False
황금의 땅 엘도라도 전설적 탐험가와 저주,Normal,2-4인,45,False,덱빌딩경주,카드-덱빌딩,2,2,4,False
슈퍼 슬라이드 퍼즐,Easy,2인,10,False,퍼즐,퍼즐-로직-코딩,1,2,2,False
헥서스,Normal,2-4인,20,False,주사위,주사위,2,2,4,False
티켓투라이드 파리,Normal,2-4인,15,False,미션전략,전략-전쟁-경영,2,2,4,False
다빈치 캐슬,Easy,3-6인,20,False,숫자추리,단어-퀴즈-숫자-지식,1,3,6,False
젬톡 스위티,Easy,"2인,4인",20,False,대화,모험-RPG-스토리텔링,1,2,4,False
방방곡곡 세계유랑,Normal,3-6인,30,False,세트컬렉션,전략-전쟁-경영,2,3,6,False
라 파밀리아,ProGamer,4인,120,False,팀전,협력-팀플레이,6,4,4,False
라이,Very Easy,2-6인,15,False,세트모으기,전략-전쟁-경영,0,2,6,False
숲속의 여우 듀엣,Hard,2인,20,False,협동카드,협력-팀플레이,3,2,2,False
미스터리 스케치,Easy,3-6인,20,False,그림그리기,그림,1,3,6,False
도전골든벨 주니어,Very Easy,2-4인,15,False,퀴즈,단어-퀴즈-숫자-지식,0,2,4,False
갬블러 갬블,Normal,3-4인,20,False,파티,파티-가족-미니게임,2,3,4,False
캐치스케치 매직햇 확장,Easy,3-6인,20,False,그림,그림,1,3,6,False
두리안,Normal,5-7인,20,False,블러핑,경제-거래-경매-베팅,2,5,7,False
하베스트,Easy,2-6인,20,False,농사전략,전략-전쟁-경영,1,2,6,False
카울리언,Normal,2-4인,15,False,협력,협력-팀플레이,2,2,4,False
포션폭발 다섯번째 재료,Normal,2-4인,45,False,콤보전략,전략-전쟁-경영,2,2,4,False
연어는행복해,Very Easy,4-8인,10,False,파티,파티-가족-미니게임,0,4,8,False
돌팔이 약장수 연금술사,Hard,4인,45,False,운빨덱빌딩,파티-가족-미니게임,3,4,4,False
호퍼스,Easy,2-4인,10,False,전략퍼즐,전략-전쟁-경영,1,2,4,False
어나니머스,Hard,2-5인,30,False,팀추리,추리-마피아-심리,3,2,5,False
다이노밀 아기공룡 구출 대작전,Very Easy,2-4인,5,False,손기술,순발력-손기술,0,2,4,False
비버크릭,Easy,2-4인,15,False,손기술,순발력-손기술,1,2,4,False
EXIT 신비스러운 박물관,Normal,2-4인,60,False,방탈출,추리-마피아-심리,2,2,4,False
쉐이킹 타워,Very Easy,2-4인,10,False,손기술,순발력-손기술,0,2,4,False
쏘리,Very Easy,2-4인,30,False,운빨,파티-가족-미니게임,0,2,4,False
마피아 넘버 세븐,Easy,3-10인,30,False,마피아,추리-마피아-심리,1,3,10,False
판타스틱,Easy,3-6인,20,False,미니게임손기술,파티-가족-미니게임,1,3,6,False
모노폴리 신용카드 결제 버전,Easy,3-5인,120,False,부동산투자,경제-거래-경매-베팅,1,3,5,False
공룡섬,Extreme,2-4인,90,False,전략,전략-전쟁-경영,5,2,4,False
알록달록 붕어 낚시,Very Easy,2-4인,15,False,기억력,기억력-암기,0,2,4,False
